period_start,period_label,condition_id,condition_family,condition_excluded_vowels,prev_class,target_class,candidate_count,exception_count,token_weighted_candidate_count,token_weighted_exception_count
1443,1443-1492,baseline_no_excluded_vowels,baseline,NONE,BRIGHT,BRIGHT,292,0,401389,0
1443,1443-1492,baseline_no_excluded_vowels,baseline,NONE,BRIGHT,DARK,184,184,76483,76483
1443,1443-1492,baseline_no_excluded_vowels,baseline,NONE,BRIGHT,NEUTRAL,154,154,44008,44008
1443,1443-1492,baseline_no_excluded_vowels,baseline,NONE,DARK,BRIGHT,210,210,179907,179907
1443,1443-1492,baseline_no_excluded_vowels,baseline,NONE,DARK,DARK,205,0,225048,0
1443,1443-1492,baseline_no_excluded_vowels,baseline,NONE,DARK,NEUTRAL,86,86,89913,89913
1443,1443-1492,baseline_no_excluded_vowels,baseline,NONE,NEUTRAL,BRIGHT,143,143,59934,59934
1443,1443-1492,baseline_no_excluded_vowels,baseline,NONE,NEUTRAL,DARK,157,157,233648,233648
1443,1443-1492,baseline_no_excluded_vowels,baseline,NONE,NEUTRAL,NEUTRAL,126,126,194794,194794
1443,1443-1492,discard_wordforms_containing_ㅜ,discard_wordforms_containing,ㅜ,BRIGHT,BRIGHT,249,0,401319,0
1443,1443-1492,discard_wordforms_containing_ㅜ,discard_wordforms_containing,ㅜ,BRIGHT,DARK,129,129,76026,76026
1443,1443-1492,discard_wordforms_containing_ㅜ,discard_wordforms_containing,ㅜ,BRIGHT,NEUTRAL,117,117,43955,43955
1443,1443-1492,discard_wordforms_containing_ㅜ,discard_wordforms_containing,ㅜ,DARK,BRIGHT,139,139,158182,158182
1443,1443-1492,discard_wordforms_containing_ㅜ,discard_wordforms_containing,ㅜ,DARK,DARK,142,0,188775,0
1443,1443-1492,discard_wordforms_containing_ㅜ,discard_wordforms_containing,ㅜ,DARK,NEUTRAL,50,50,47952,47952
1443,1443-1492,discard_wordforms_containing_ㅜ,discard_wordforms_containing,ㅜ,NEUTRAL,BRIGHT,110,110,59885,59885
1443,1443-1492,discard_wordforms_containing_ㅜ,discard_wordforms_containing,ㅜ,NEUTRAL,DARK,106,106,191345,191345
1443,1443-1492,discard_wordforms_containing_ㅜ,discard_wordforms_containing,ㅜ,NEUTRAL,NEUTRAL,102,102,194762,194762
1443,1443-1492,discard_wordforms_containing_ㅡ,discard_wordforms_containing,ㅡ,BRIGHT,BRIGHT,241,0,301424,0
1443,1443-1492,discard_wordforms_containing_ㅡ,discard_wordforms_containing,ㅡ,BRIGHT,DARK,98,98,43222,43222
1443,1443-1492,discard_wordforms_containing_ㅡ,discard_wordforms_containing,ㅡ,BRIGHT,NEUTRAL,116,116,43911,43911
1443,1443-1492,discard_wordforms_containing_ㅡ,discard_wordforms_containing,ㅡ,DARK,BRIGHT,124,124,62096,62096
1443,1443-1492,discard_wordforms_containing_ㅡ,discard_wordforms_containing,ㅡ,DARK,DARK,80,0,131815,0
1443,1443-1492,discard_wordforms_containing_ㅡ,discard_wordforms_containing,ㅡ,DARK,NEUTRAL,35,35,57908,57908
1443,1443-1492,discard_wordforms_containing_ㅡ,discard_wordforms_containing,ㅡ,NEUTRAL,BRIGHT,104,104,43430,43430
1443,1443-1492,discard_wordforms_containing_ㅡ,discard_wordforms_containing,ㅡ,NEUTRAL,DARK,87,87,115586,115586
1443,1443-1492,discard_wordforms_containing_ㅡ,discard_wordforms_containing,ㅡ,NEUTRAL,NEUTRAL,104,104,188863,188863
1443,1443-1492,discard_wordforms_containing_ㅡㅜ,discard_wordforms_containing,ㅡ+ㅜ,BRIGHT,BRIGHT,204,0,301370,0
1443,1443-1492,discard_wordforms_containing_ㅡㅜ,discard_wordforms_containing,ㅡ+ㅜ,BRIGHT,DARK,61,61,42807,42807
1443,1443-1492,discard_wordforms_containing_ㅡㅜ,discard_wordforms_containing,ㅡ+ㅜ,BRIGHT,NEUTRAL,84,84,43864,43864
1443,1443-1492,discard_wordforms_containing_ㅡㅜ,discard_wordforms_containing,ㅡ+ㅜ,DARK,BRIGHT,70,70,40418,40418
1443,1443-1492,discard_wordforms_containing_ㅡㅜ,discard_wordforms_containing,ㅡ+ㅜ,DARK,DARK,51,0,95666,0
1443,1443-1492,discard_wordforms_containing_ㅡㅜ,discard_wordforms_containing,ㅡ+ㅜ,DARK,NEUTRAL,19,19,16007,16007
1443,1443-1492,discard_wordforms_containing_ㅡㅜ,discard_wordforms_containing,ㅡ+ㅜ,NEUTRAL,BRIGHT,77,77,43387,43387
1443,1443-1492,discard_wordforms_containing_ㅡㅜ,discard_wordforms_containing,ㅡ+ㅜ,NEUTRAL,DARK,58,58,73353,73353
1443,1443-1492,discard_wordforms_containing_ㅡㅜ,discard_wordforms_containing,ㅡ+ㅜ,NEUTRAL,NEUTRAL,83,83,188835,188835
1443,1443-1492,discard_wordforms_containing_ㅡㅣ,discard_wordforms_containing,ㅡ+ㅣ,BRIGHT,BRIGHT,160,0,301094,0
1443,1443-1492,discard_wordforms_containing_ㅡㅣ,discard_wordforms_containing,ㅡ+ㅣ,BRIGHT,DARK,61,61,29948,29948
1443,1443-1492,discard_wordforms_containing_ㅡㅣ,discard_wordforms_containing,ㅡ+ㅣ,DARK,BRIGHT,69,69,61997,61997
1443,1443-1492,discard_wordforms_containing_ㅡㅣ,discard_wordforms_containing,ㅡ+ㅣ,DARK,DARK,58,0,110637,0
1443,1443-1492,discard_wordforms_containing_ㅡㅣㅜ,discard_wordforms_containing,ㅡ+ㅣ+ㅜ,BRIGHT,BRIGHT,148,0,301065,0
1443,1443-1492,discard_wordforms_containing_ㅡㅣㅜ,discard_wordforms_containing,ㅡ+ㅣ+ㅜ,BRIGHT,DARK,44,44,29570,29570
1443,1443-1492,discard_wordforms_containing_ㅡㅣㅜ,discard_wordforms_containing,ㅡ+ㅣ+ㅜ,DARK,BRIGHT,46,46,40372,40372
1443,1443-1492,discard_wordforms_containing_ㅡㅣㅜ,discard_wordforms_containing,ㅡ+ㅣ+ㅜ,DARK,DARK,38,0,74497,0
1443,1443-1492,discard_wordforms_containing_ㅣ,discard_wordforms_containing,ㅣ,BRIGHT,BRIGHT,193,0,301162,0
1443,1443-1492,discard_wordforms_containing_ㅣ,discard_wordforms_containing,ㅣ,BRIGHT,DARK,111,111,30143,30143
1443,1443-1492,discard_wordforms_containing_ㅣ,discard_wordforms_containing,ㅣ,DARK,BRIGHT,117,117,63281,63281
1443,1443-1492,discard_wordforms_containing_ㅣ,discard_wordforms_containing,ㅣ,DARK,DARK,116,0,170825,0
1443,1443-1492,discard_wordforms_containing_ㅣㅜ,discard_wordforms_containing,ㅣ+ㅜ,BRIGHT,BRIGHT,178,0,301120,0
1443,1443-1492,discard_wordforms_containing_ㅣㅜ,discard_wordforms_containing,ㅣ+ㅜ,BRIGHT,DARK,85,85,29738,29738
1443,1443-1492,discard_wordforms_containing_ㅣㅜ,discard_wordforms_containing,ㅣ+ㅜ,DARK,BRIGHT,85,85,41624,41624
1443,1443-1492,discard_wordforms_containing_ㅣㅜ,discard_wordforms_containing,ㅣ+ㅜ,DARK,DARK,90,0,134654,0
1443,1443-1492,exclude_from_consideration_ㅜ,exclude_from_consideration,ㅜ,BRIGHT,BRIGHT,311,0,401767,0
1443,1443-1492,exclude_from_consideration_ㅜ,exclude_from_consideration,ㅜ,BRIGHT,DARK,152,152,76069,76069
1443,1443-1492,exclude_from_consideration_ㅜ,exclude_from_consideration,ㅜ,BRIGHT,NEUTRAL,158,158,44016,44016
1443,1443-1492,exclude_from_consideration_ㅜ,exclude_from_consideration,ㅜ,DARK,BRIGHT,161,161,158234,158234
1443,1443-1492,exclude_from_consideration_ㅜ,exclude_from_consideration,ㅜ,DARK,DARK,171,0,206267,0
1443,1443-1492,exclude_from_consideration_ㅜ,exclude_from_consideration,ㅜ,DARK,NEUTRAL,71,71,48012,48012
1443,1443-1492,exclude_from_consideration_ㅜ,exclude_from_consideration,ㅜ,NEUTRAL,BRIGHT,155,155,59947,59947
1443,1443-1492,exclude_from_consideration_ㅜ,exclude_from_consideration,ㅜ,NEUTRAL,DARK,133,133,191428,191428
1443,1443-1492,exclude_from_consideration_ㅜ,exclude_from_consideration,ㅜ,NEUTRAL,NEUTRAL,133,133,236677,236677
1443,1443-1492,exclude_from_consideration_ㅡ,exclude_from_consideration,ㅡ,BRIGHT,BRIGHT,318,0,401623,0
1443,1443-1492,exclude_from_consideration_ㅡ,exclude_from_consideration,ㅡ,BRIGHT,DARK,130,130,76173,76173
1443,1443-1492,exclude_from_consideration_ㅡ,exclude_from_consideration,ㅡ,BRIGHT,NEUTRAL,166,166,44032,44032
1443,1443-1492,exclude_from_consideration_ㅡ,exclude_from_consideration,ㅡ,DARK,BRIGHT,158,158,78622,78622
1443,1443-1492,exclude_from_consideration_ㅡ,exclude_from_consideration,ㅡ,DARK,DARK,103,0,148324,0
1443,1443-1492,exclude_from_consideration_ㅡ,exclude_from_consideration,ㅡ,DARK,NEUTRAL,67,67,74427,74427
1443,1443-1492,exclude_from_consideration_ㅡ,exclude_from_consideration,ㅡ,NEUTRAL,BRIGHT,155,155,159820,159820
1443,1443-1492,exclude_from_consideration_ㅡ,exclude_from_consideration,ㅡ,NEUTRAL,DARK,135,135,115693,115693
1443,1443-1492,exclude_from_consideration_ㅡ,exclude_from_consideration,ㅡ,NEUTRAL,NEUTRAL,129,129,194802,194802
1443,1443-1492,exclude_from_consideration_ㅡㅜ,exclude_from_consideration,ㅡ+ㅜ,BRIGHT,BRIGHT,337,0,402001,0
1443,1443-1492,exclude_from_consideration_ㅡㅜ,exclude_from_consideration,ㅡ+ㅜ,BRIGHT,DARK,98,98,75759,75759
1443,1443-1492,exclude_from_consideration_ㅡㅜ,exclude_from_consideration,ㅡ+ㅜ,BRIGHT,NEUTRAL,170,170,44040,44040
1443,1443-1492,exclude_from_consideration_ㅡㅜ,exclude_from_consideration,ㅡ+ㅜ,DARK,BRIGHT,109,109,56949,56949
1443,1443-1492,exclude_from_consideration_ㅡㅜ,exclude_from_consideration,ㅡ+ㅜ,DARK,DARK,78,0,129589,0
1443,1443-1492,exclude_from_consideration_ㅡㅜ,exclude_from_consideration,ㅡ+ㅜ,DARK,NEUTRAL,46,46,32490,32490
1443,1443-1492,exclude_from_consideration_ㅡㅜ,exclude_from_consideration,ㅡ+ㅜ,NEUTRAL,BRIGHT,167,167,159833,159833
1443,1443-1492,exclude_from_consideration_ㅡㅜ,exclude_from_consideration,ㅡ+ㅜ,NEUTRAL,DARK,103,103,73428,73428
1443,1443-1492,exclude_from_consideration_ㅡㅜ,exclude_from_consideration,ㅡ+ㅜ,NEUTRAL,NEUTRAL,141,141,236720,236720
1443,1443-1492,exclude_from_consideration_ㅡㅣ,exclude_from_consideration,ㅡ+ㅣ,BRIGHT,BRIGHT,393,0,415549,0
1443,1443-1492,exclude_from_consideration_ㅡㅣ,exclude_from_consideration,ㅡ+ㅣ,BRIGHT,DARK,194,194,84104,84104
1443,1443-1492,exclude_from_consideration_ㅡㅣ,exclude_from_consideration,ㅡ+ㅣ,DARK,BRIGHT,194,194,95133,95133
1443,1443-1492,exclude_from_consideration_ㅡㅣ,exclude_from_consideration,ㅡ+ㅣ,DARK,DARK,124,0,164278,0
1443,1443-1492,exclude_from_consideration_ㅡㅣㅜ,exclude_from_consideration,ㅡ+ㅣ+ㅜ,BRIGHT,BRIGHT,425,0,415944,0
1443,1443-1492,exclude_from_consideration_ㅡㅣㅜ,exclude_from_consideration,ㅡ+ㅣ+ㅜ,BRIGHT,DARK,148,148,83668,83668
1443,1443-1492,exclude_from_consideration_ㅡㅣㅜ,exclude_from_consideration,ㅡ+ㅣ+ㅜ,DARK,BRIGHT,133,133,73437,73437
1443,1443-1492,exclude_from_consideration_ㅡㅣㅜ,exclude_from_consideration,ㅡ+ㅣ+ㅜ,DARK,DARK,94,0,145514,0
1443,1443-1492,exclude_from_consideration_ㅣ,exclude_from_consideration,ㅣ,BRIGHT,BRIGHT,360,0,415299,0
1443,1443-1492,exclude_from_consideration_ㅣ,exclude_from_consideration,ㅣ,BRIGHT,DARK,246,246,84411,84411
1443,1443-1492,exclude_from_consideration_ㅣ,exclude_from_consideration,ㅣ,DARK,BRIGHT,243,243,196413,196413
1443,1443-1492,exclude_from_consideration_ㅣ,exclude_from_consideration,ㅣ,DARK,DARK,243,0,241036,0
1443,1443-1492,exclude_from_consideration_ㅣㅜ,exclude_from_consideration,ㅣ+ㅜ,BRIGHT,BRIGHT,391,0,415693,0
1443,1443-1492,exclude_from_consideration_ㅣㅜ,exclude_from_consideration,ㅣ+ㅜ,BRIGHT,DARK,205,205,83987,83987
1443,1443-1492,exclude_from_consideration_ㅣㅜ,exclude_from_consideration,ㅣ+ㅜ,DARK,BRIGHT,186,186,174728,174728
1443,1443-1492,exclude_from_consideration_ㅣㅜ,exclude_from_consideration,ㅣ+ㅜ,DARK,DARK,205,0,222250,0
1493,1493-1542,baseline_no_excluded_vowels,baseline,NONE,BRIGHT,BRIGHT,263,0,398072,0
1493,1493-1542,baseline_no_excluded_vowels,baseline,NONE,BRIGHT,DARK,174,174,98608,98608
1493,1493-1542,baseline_no_excluded_vowels,baseline,NONE,BRIGHT,NEUTRAL,170,170,49507,49507
1493,1493-1542,baseline_no_excluded_vowels,baseline,NONE,DARK,BRIGHT,186,186,212783,212783
1493,1493-1542,baseline_no_excluded_vowels,baseline,NONE,DARK,DARK,187,0,277405,0
1493,1493-1542,baseline_no_excluded_vowels,baseline,NONE,DARK,NEUTRAL,83,83,93539,93539
1493,1493-1542,baseline_no_excluded_vowels,baseline,NONE,NEUTRAL,BRIGHT,164,164,81879,81879
1493,1493-1542,baseline_no_excluded_vowels,baseline,NONE,NEUTRAL,DARK,149,149,239072,239072
1493,1493-1542,baseline_no_excluded_vowels,baseline,NONE,NEUTRAL,NEUTRAL,113,113,239946,239946
1493,1493-1542,discard_wordforms_containing_ㅜ,discard_wordforms_containing,ㅜ,BRIGHT,BRIGHT,240,0,397975,0
1493,1493-1542,discard_wordforms_containing_ㅜ,discard_wordforms_containing,ㅜ,BRIGHT,DARK,122,122,97851,97851
1493,1493-1542,discard_wordforms_containing_ㅜ,discard_wordforms_containing,ㅜ,BRIGHT,NEUTRAL,143,143,49421,49421
1493,1493-1542,discard_wordforms_containing_ㅜ,discard_wordforms_containing,ㅜ,DARK,BRIGHT,128,128,190515,190515
1493,1493-1542,discard_wordforms_containing_ㅜ,discard_wordforms_containing,ㅜ,DARK,DARK,144,0,244335,0
1493,1493-1542,discard_wordforms_containing_ㅜ,discard_wordforms_containing,ㅜ,DARK,NEUTRAL,39,39,60850,60850
1493,1493-1542,discard_wordforms_containing_ㅜ,discard_wordforms_containing,ㅜ,NEUTRAL,BRIGHT,135,135,81780,81780
1493,1493-1542,discard_wordforms_containing_ㅜ,discard_wordforms_containing,ㅜ,NEUTRAL,DARK,93,93,206061,206061
1493,1493-1542,discard_wordforms_containing_ㅜ,discard_wordforms_containing,ㅜ,NEUTRAL,NEUTRAL,95,95,239910,239910
1493,1493-1542,discard_wordforms_containing_ㅡ,discard_wordforms_containing,ㅡ,BRIGHT,BRIGHT,224,0,291078,0
1493,1493-1542,discard_wordforms_containing_ㅡ,discard_wordforms_containing,ㅡ,BRIGHT,DARK,90,90,33340,33340
1493,1493-1542,discard_wordforms_containing_ㅡ,discard_wordforms_containing,ㅡ,BRIGHT,NEUTRAL,146,146,49379,49379
1493,1493-1542,discard_wordforms_containing_ㅡ,discard_wordforms_containing,ㅡ,DARK,BRIGHT,106,106,72403,72403
1493,1493-1542,discard_wordforms_containing_ㅡ,discard_wordforms_containing,ㅡ,DARK,DARK,58,0,160673,0
1493,1493-1542,discard_wordforms_containing_ㅡ,discard_wordforms_containing,ㅡ,DARK,NEUTRAL,44,44,44014,44014
1493,1493-1542,discard_wordforms_containing_ㅡ,discard_wordforms_containing,ㅡ,NEUTRAL,BRIGHT,136,136,49483,49483
1493,1493-1542,discard_wordforms_containing_ㅡ,discard_wordforms_containing,ㅡ,NEUTRAL,DARK,91,91,111534,111534
1493,1493-1542,discard_wordforms_containing_ㅡ,discard_wordforms_containing,ㅡ,NEUTRAL,NEUTRAL,103,103,225754,225754
1493,1493-1542,discard_wordforms_containing_ㅡㅜ,discard_wordforms_containing,ㅡ+ㅜ,BRIGHT,BRIGHT,206,0,290997,0
1493,1493-1542,discard_wordforms_containing_ㅡㅜ,discard_wordforms_containing,ㅡ+ㅜ,BRIGHT,DARK,55,55,32662,32662
1493,1493-1542,discard_wordforms_containing_ㅡㅜ,discard_wordforms_containing,ㅡ+ㅜ,BRIGHT,NEUTRAL,126,126,49325,49325
1493,1493-1542,discard_wordforms_containing_ㅡㅜ,discard_wordforms_containing,ㅡ+ㅜ,DARK,BRIGHT,67,67,50236,50236
1493,1493-1542,discard_wordforms_containing_ㅡㅜ,discard_wordforms_containing,ㅡ+ㅜ,DARK,DARK,50,0,128258,0
1493,1493-1542,discard_wordforms_containing_ㅡㅜ,discard_wordforms_containing,ㅡ+ㅜ,DARK,NEUTRAL,22,22,11658,11658
1493,1493-1542,discard_wordforms_containing_ㅡㅜ,discard_wordforms_containing,ㅡ+ㅜ,NEUTRAL,BRIGHT,114,114,49398,49398
1493,1493-1542,discard_wordforms_containing_ㅡㅜ,discard_wordforms_containing,ㅡ+ㅜ,NEUTRAL,DARK,61,61,78926,78926
1493,1493-1542,discard_wordforms_containing_ㅡㅜ,discard_wordforms_containing,ㅡ+ㅜ,NEUTRAL,NEUTRAL,91,91,225728,225728
1493,1493-1542,discard_wordforms_containing_ㅡㅣ,discard_wordforms_containing,ㅡ+ㅣ,BRIGHT,BRIGHT,141,0,290792,0
1493,1493-1542,discard_wordforms_containing_ㅡㅣ,discard_wordforms_containing,ㅡ+ㅣ,BRIGHT,DARK,46,46,21605,21605
1493,1493-1542,discard_wordforms_containing_ㅡㅣ,discard_wordforms_containing,ㅡ+ㅣ,DARK,BRIGHT,61,61,72247,72247
1493,1493-1542,discard_wordforms_containing_ㅡㅣ,discard_wordforms_containing,ㅡ+ㅣ,DARK,DARK,36,0,123792,0
1493,1493-1542,discard_wordforms_containing_ㅡㅣㅜ,discard_wordforms_containing,ㅡ+ㅣ+ㅜ,BRIGHT,BRIGHT,127,0,290743,0
1493,1493-1542,discard_wordforms_containing_ㅡㅣㅜ,discard_wordforms_containing,ㅡ+ㅣ+ㅜ,BRIGHT,DARK,33,33,21002,21002
1493,1493-1542,discard_wordforms_containing_ㅡㅣㅜ,discard_wordforms_containing,ㅡ+ㅣ+ㅜ,DARK,BRIGHT,42,42,50141,50141
1493,1493-1542,discard_wordforms_containing_ㅡㅣㅜ,discard_wordforms_containing,ㅡ+ㅣ+ㅜ,DARK,DARK,29,0,91378,0
1493,1493-1542,discard_wordforms_containing_ㅣ,discard_wordforms_containing,ㅣ,BRIGHT,BRIGHT,160,0,290880,0
1493,1493-1542,discard_wordforms_containing_ㅣ,discard_wordforms_containing,ㅣ,BRIGHT,DARK,91,91,21951,21951
1493,1493-1542,discard_wordforms_containing_ㅣ,discard_wordforms_containing,ㅣ,DARK,BRIGHT,103,103,73101,73101
1493,1493-1542,discard_wordforms_containing_ㅣ,discard_wordforms_containing,ㅣ,DARK,DARK,97,0,175066,0
1493,1493-1542,discard_wordforms_containing_ㅣㅜ,discard_wordforms_containing,ㅣ+ㅜ,BRIGHT,BRIGHT,146,0,290831,0
1493,1493-1542,discard_wordforms_containing_ㅣㅜ,discard_wordforms_containing,ㅣ+ㅜ,BRIGHT,DARK,76,76,21342,21342
1493,1493-1542,discard_wordforms_containing_ㅣㅜ,discard_wordforms_containing,ㅣ+ㅜ,DARK,BRIGHT,82,82,50989,50989
1493,1493-1542,discard_wordforms_containing_ㅣㅜ,discard_wordforms_containing,ㅣ+ㅜ,DARK,DARK,89,0,142651,0
1493,1493-1542,exclude_from_consideration_ㅜ,exclude_from_consideration,ㅜ,BRIGHT,BRIGHT,275,0,398636,0
1493,1493-1542,exclude_from_consideration_ㅜ,exclude_from_consideration,ㅜ,BRIGHT,DARK,147,147,97984,97984
1493,1493-1542,exclude_from_consideration_ㅜ,exclude_from_consideration,ㅜ,BRIGHT,NEUTRAL,172,172,49510,49510
1493,1493-1542,exclude_from_consideration_ㅜ,exclude_from_consideration,ㅜ,DARK,BRIGHT,143,143,190626,190626
1493,1493-1542,exclude_from_consideration_ㅜ,exclude_from_consideration,ㅜ,DARK,DARK,165,0,260401,0
1493,1493-1542,exclude_from_consideration_ㅜ,exclude_from_consideration,ㅜ,DARK,NEUTRAL,68,68,61204,61204
1493,1493-1542,exclude_from_consideration_ㅜ,exclude_from_consideration,ㅜ,NEUTRAL,BRIGHT,179,179,81913,81913
1493,1493-1542,exclude_from_consideration_ㅜ,exclude_from_consideration,ㅜ,NEUTRAL,DARK,119,119,206460,206460
1493,1493-1542,exclude_from_consideration_ㅜ,exclude_from_consideration,ㅜ,NEUTRAL,NEUTRAL,122,122,272267,272267
1493,1493-1542,exclude_from_consideration_ㅡ,exclude_from_consideration,ㅡ,BRIGHT,BRIGHT,289,0,398343,0
1493,1493-1542,exclude_from_consideration_ㅡ,exclude_from_consideration,ㅡ,BRIGHT,DARK,130,130,98168,98168
1493,1493-1542,exclude_from_consideration_ㅡ,exclude_from_consideration,ㅡ,BRIGHT,NEUTRAL,177,177,49565,49565
1493,1493-1542,exclude_from_consideration_ㅡ,exclude_from_consideration,ㅡ,DARK,BRIGHT,144,144,104950,104950
1493,1493-1542,exclude_from_consideration_ㅡ,exclude_from_consideration,ㅡ,DARK,DARK,82,0,193227,0
1493,1493-1542,exclude_from_consideration_ㅡ,exclude_from_consideration,ㅡ,DARK,NEUTRAL,68,68,76658,76658
1493,1493-1542,exclude_from_consideration_ㅡ,exclude_from_consideration,ㅡ,NEUTRAL,BRIGHT,170,170,188810,188810
1493,1493-1542,exclude_from_consideration_ㅡ,exclude_from_consideration,ㅡ,NEUTRAL,DARK,132,132,111963,111963
1493,1493-1542,exclude_from_consideration_ㅡ,exclude_from_consideration,ㅡ,NEUTRAL,NEUTRAL,115,115,239958,239958
1493,1493-1542,exclude_from_consideration_ㅡㅜ,exclude_from_consideration,ㅡ+ㅜ,BRIGHT,BRIGHT,301,0,398907,0
1493,1493-1542,exclude_from_consideration_ㅡㅜ,exclude_from_consideration,ㅡ+ㅜ,BRIGHT,DARK,103,103,97544,97544
1493,1493-1542,exclude_from_consideration_ㅡㅜ,exclude_from_consideration,ㅡ+ㅜ,BRIGHT,NEUTRAL,179,179,49568,49568
1493,1493-1542,exclude_from_consideration_ㅡㅜ,exclude_from_consideration,ㅡ+ㅜ,DARK,BRIGHT,100,100,82792,82792
1493,1493-1542,exclude_from_consideration_ㅡㅜ,exclude_from_consideration,ㅡ+ㅜ,DARK,DARK,71,0,176509,0
1493,1493-1542,exclude_from_consideration_ㅡㅜ,exclude_from_consideration,ㅡ+ㅜ,DARK,NEUTRAL,47,47,44098,44098
1493,1493-1542,exclude_from_consideration_ㅡㅜ,exclude_from_consideration,ㅡ+ㅜ,NEUTRAL,BRIGHT,185,185,188844,188844
1493,1493-1542,exclude_from_consideration_ㅡㅜ,exclude_from_consideration,ㅡ+ㅜ,NEUTRAL,DARK,93,93,79076,79076
1493,1493-1542,exclude_from_consideration_ㅡㅜ,exclude_from_consideration,ㅡ+ㅜ,NEUTRAL,NEUTRAL,129,129,272494,272494
1493,1493-1542,exclude_from_consideration_ㅡㅣ,exclude_from_consideration,ㅡ+ㅣ,BRIGHT,BRIGHT,380,0,411130,0
1493,1493-1542,exclude_from_consideration_ㅡㅣ,exclude_from_consideration,ㅡ+ㅣ,BRIGHT,DARK,173,173,108351,108351
1493,1493-1542,exclude_from_consideration_ㅡㅣ,exclude_from_consideration,ㅡ+ㅣ,DARK,BRIGHT,166,166,137422,137422
1493,1493-1542,exclude_from_consideration_ㅡㅣ,exclude_from_consideration,ㅡ+ㅣ,DARK,DARK,116,0,204896,0
1493,1493-1542,exclude_from_consideration_ㅡㅣㅜ,exclude_from_consideration,ㅡ+ㅣ+ㅜ,BRIGHT,BRIGHT,402,0,411716,0
1493,1493-1542,exclude_from_consideration_ㅡㅣㅜ,exclude_from_consideration,ㅡ+ㅣ+ㅜ,BRIGHT,DARK,135,135,107649,107649
1493,1493-1542,exclude_from_consideration_ㅡㅣㅜ,exclude_from_consideration,ㅡ+ㅣ+ㅜ,DARK,BRIGHT,117,117,115203,115203
1493,1493-1542,exclude_from_consideration_ㅡㅣㅜ,exclude_from_consideration,ㅡ+ㅣ+ㅜ,DARK,DARK,91,0,187986,0
1493,1493-1542,exclude_from_consideration_ㅣ,exclude_from_consideration,ㅣ,BRIGHT,BRIGHT,350,0,410848,0
1493,1493-1542,exclude_from_consideration_ㅣ,exclude_from_consideration,ㅣ,BRIGHT,DARK,217,217,108750,108750
1493,1493-1542,exclude_from_consideration_ㅣ,exclude_from_consideration,ㅣ,DARK,BRIGHT,210,210,245206,245206
1493,1493-1542,exclude_from_consideration_ㅣ,exclude_from_consideration,ㅣ,DARK,DARK,229,0,289192,0
1493,1493-1542,exclude_from_consideration_ㅣㅜ,exclude_from_consideration,ㅣ+ㅜ,BRIGHT,BRIGHT,371,0,411431,0
1493,1493-1542,exclude_from_consideration_ㅣㅜ,exclude_from_consideration,ㅣ+ㅜ,BRIGHT,DARK,183,183,108110,108110
1493,1493-1542,exclude_from_consideration_ㅣㅜ,exclude_from_consideration,ㅣ+ㅜ,DARK,BRIGHT,165,165,223044,223044
1493,1493-1542,exclude_from_consideration_ㅣㅜ,exclude_from_consideration,ㅣ+ㅜ,DARK,DARK,196,0,272165,0
1543,1543-1592,baseline_no_excluded_vowels,baseline,NONE,BRIGHT,BRIGHT,630,0,216389,0
1543,1543-1592,baseline_no_excluded_vowels,baseline,NONE,BRIGHT,DARK,390,390,54283,54283
1543,1543-1592,baseline_no_excluded_vowels,baseline,NONE,BRIGHT,NEUTRAL,453,453,31808,31808
1543,1543-1592,baseline_no_excluded_vowels,baseline,NONE,DARK,BRIGHT,465,465,107569,107569
1543,1543-1592,baseline_no_excluded_vowels,baseline,NONE,DARK,DARK,353,0,124319,0
1543,1543-1592,baseline_no_excluded_vowels,baseline,NONE,DARK,NEUTRAL,164,164,48184,48184
1543,1543-1592,baseline_no_excluded_vowels,baseline,NONE,NEUTRAL,BRIGHT,442,442,44689,44689
1543,1543-1592,baseline_no_excluded_vowels,baseline,NONE,NEUTRAL,DARK,340,340,116555,116555
1543,1543-1592,baseline_no_excluded_vowels,baseline,NONE,NEUTRAL,NEUTRAL,281,281,116157,116157
1543,1543-1592,discard_wordforms_containing_ㅜ,discard_wordforms_containing,ㅜ,BRIGHT,BRIGHT,527,0,215816,0
1543,1543-1592,discard_wordforms_containing_ㅜ,discard_wordforms_containing,ㅜ,BRIGHT,DARK,262,262,52879,52879
1543,1543-1592,discard_wordforms_containing_ㅜ,discard_wordforms_containing,ㅜ,BRIGHT,NEUTRAL,374,374,31382,31382
1543,1543-1592,discard_wordforms_containing_ㅜ,discard_wordforms_containing,ㅜ,DARK,BRIGHT,324,324,96444,96444
1543,1543-1592,discard_wordforms_containing_ㅜ,discard_wordforms_containing,ㅜ,DARK,DARK,237,0,107381,0
1543,1543-1592,discard_wordforms_containing_ㅜ,discard_wordforms_containing,ㅜ,DARK,NEUTRAL,77,77,31111,31111
1543,1543-1592,discard_wordforms_containing_ㅜ,discard_wordforms_containing,ㅜ,NEUTRAL,BRIGHT,341,341,44171,44171
1543,1543-1592,discard_wordforms_containing_ㅜ,discard_wordforms_containing,ㅜ,NEUTRAL,DARK,226,226,99083,99083
1543,1543-1592,discard_wordforms_containing_ㅜ,discard_wordforms_containing,ㅜ,NEUTRAL,NEUTRAL,217,217,115862,115862
1543,1543-1592,discard_wordforms_containing_ㅡ,discard_wordforms_containing,ㅡ,BRIGHT,BRIGHT,556,0,165756,0
1543,1543-1592,discard_wordforms_containing_ㅡ,discard_wordforms_containing,ㅡ,BRIGHT,DARK,262,262,22598,22598
1543,1543-1592,discard_wordforms_containing_ㅡ,discard_wordforms_containing,ㅡ,BRIGHT,NEUTRAL,401,401,31392,31392
1543,1543-1592,discard_wordforms_containing_ㅡ,discard_wordforms_containing,ㅡ,DARK,BRIGHT,331,331,39522,39522
1543,1543-1592,discard_wordforms_containing_ㅡ,discard_wordforms_containing,ㅡ,DARK,DARK,131,0,69009,0
1543,1543-1592,discard_wordforms_containing_ㅡ,discard_wordforms_containing,ㅡ,DARK,NEUTRAL,96,96,21879,21879
1543,1543-1592,discard_wordforms_containing_ㅡ,discard_wordforms_containing,ㅡ,NEUTRAL,BRIGHT,390,390,29611,29611
1543,1543-1592,discard_wordforms_containing_ㅡ,discard_wordforms_containing,ㅡ,NEUTRAL,DARK,236,236,52062,52062
1543,1543-1592,discard_wordforms_containing_ㅡ,discard_wordforms_containing,ㅡ,NEUTRAL,NEUTRAL,245,245,110052,110052
1543,1543-1592,discard_wordforms_containing_ㅡㅜ,discard_wordforms_containing,ㅡ+ㅜ,BRIGHT,BRIGHT,464,0,165218,0
1543,1543-1592,discard_wordforms_containing_ㅡㅜ,discard_wordforms_containing,ㅡ+ㅜ,BRIGHT,DARK,158,158,21488,21488
1543,1543-1592,discard_wordforms_containing_ㅡㅜ,discard_wordforms_containing,ㅡ+ㅜ,BRIGHT,NEUTRAL,329,329,31036,31036
1543,1543-1592,discard_wordforms_containing_ㅡㅜ,discard_wordforms_containing,ㅡ+ㅜ,DARK,BRIGHT,214,214,28732,28732
1543,1543-1592,discard_wordforms_containing_ㅡㅜ,discard_wordforms_containing,ㅡ+ㅜ,DARK,DARK,94,0,54810,0
1543,1543-1592,discard_wordforms_containing_ㅡㅜ,discard_wordforms_containing,ㅡ+ㅜ,DARK,NEUTRAL,45,45,6385,6385
1543,1543-1592,discard_wordforms_containing_ㅡㅜ,discard_wordforms_containing,ㅡ+ㅜ,NEUTRAL,BRIGHT,304,304,29121,29121
1543,1543-1592,discard_wordforms_containing_ㅡㅜ,discard_wordforms_containing,ㅡ+ㅜ,NEUTRAL,DARK,154,154,36464,36464
1543,1543-1592,discard_wordforms_containing_ㅡㅜ,discard_wordforms_containing,ㅡ+ㅜ,NEUTRAL,NEUTRAL,192,192,109796,109796
1543,1543-1592,discard_wordforms_containing_ㅡㅣ,discard_wordforms_containing,ㅡ+ㅣ,BRIGHT,BRIGHT,274,0,164225,0
1543,1543-1592,discard_wordforms_containing_ㅡㅣ,discard_wordforms_containing,ㅡ+ㅣ,BRIGHT,DARK,133,133,14359,14359
1543,1543-1592,discard_wordforms_containing_ㅡㅣ,discard_wordforms_containing,ㅡ+ㅣ,DARK,BRIGHT,148,148,38230,38230
1543,1543-1592,discard_wordforms_containing_ㅡㅣ,discard_wordforms_containing,ㅡ+ㅣ,DARK,DARK,96,0,53582,0
1543,1543-1592,discard_wordforms_containing_ㅡㅣㅜ,discard_wordforms_containing,ㅡ+ㅣ+ㅜ,BRIGHT,BRIGHT,237,0,163870,0
1543,1543-1592,discard_wordforms_containing_ㅡㅣㅜ,discard_wordforms_containing,ㅡ+ㅣ+ㅜ,BRIGHT,DARK,99,99,13854,13854
1543,1543-1592,discard_wordforms_containing_ㅡㅣㅜ,discard_wordforms_containing,ㅡ+ㅣ+ㅜ,DARK,BRIGHT,108,108,27992,27992
1543,1543-1592,discard_wordforms_containing_ㅡㅣㅜ,discard_wordforms_containing,ㅡ+ㅣ+ㅜ,DARK,DARK,71,0,39411,0
1543,1543-1592,discard_wordforms_containing_ㅣ,discard_wordforms_containing,ㅣ,BRIGHT,BRIGHT,314,0,164541,0
1543,1543-1592,discard_wordforms_containing_ㅣ,discard_wordforms_containing,ㅣ,BRIGHT,DARK,208,208,15295,15295
1543,1543-1592,discard_wordforms_containing_ㅣ,discard_wordforms_containing,ㅣ,DARK,BRIGHT,224,224,39983,39983
1543,1543-1592,discard_wordforms_containing_ㅣ,discard_wordforms_containing,ㅣ,DARK,DARK,203,0,75786,0
1543,1543-1592,discard_wordforms_containing_ㅣㅜ,discard_wordforms_containing,ㅣ+ㅜ,BRIGHT,BRIGHT,274,0,164177,0
1543,1543-1592,discard_wordforms_containing_ㅣㅜ,discard_wordforms_containing,ㅣ+ㅜ,BRIGHT,DARK,165,165,14760,14760
1543,1543-1592,discard_wordforms_containing_ㅣㅜ,discard_wordforms_containing,ㅣ+ㅜ,DARK,BRIGHT,175,175,29712,29712
1543,1543-1592,discard_wordforms_containing_ㅣㅜ,discard_wordforms_containing,ㅣ+ㅜ,DARK,DARK,156,0,61585,0
1543,1543-1592,exclude_from_consideration_ㅜ,exclude_from_consideration,ㅜ,BRIGHT,BRIGHT,667,0,216964,0
1543,1543-1592,exclude_from_consideration_ㅜ,exclude_from_consideration,ㅜ,BRIGHT,DARK,305,305,53384,53384
1543,1543-1592,exclude_from_consideration_ㅜ,exclude_from_consideration,ㅜ,BRIGHT,NEUTRAL,464,464,31847,31847
1543,1543-1592,exclude_from_consideration_ㅜ,exclude_from_consideration,ㅜ,DARK,BRIGHT,353,353,96795,96795
1543,1543-1592,exclude_from_consideration_ㅜ,exclude_from_consideration,ㅜ,DARK,DARK,288,0,115356,0
1543,1543-1592,exclude_from_consideration_ㅜ,exclude_from_consideration,ㅜ,DARK,NEUTRAL,126,126,33056,33056
1543,1543-1592,exclude_from_consideration_ㅜ,exclude_from_consideration,ㅜ,NEUTRAL,BRIGHT,488,488,44892,44892
1543,1543-1592,exclude_from_consideration_ㅜ,exclude_from_consideration,ㅜ,NEUTRAL,DARK,267,267,101217,101217
1543,1543-1592,exclude_from_consideration_ㅜ,exclude_from_consideration,ㅜ,NEUTRAL,NEUTRAL,297,297,131175,131175
1543,1543-1592,exclude_from_consideration_ㅡ,exclude_from_consideration,ㅡ,BRIGHT,BRIGHT,671,0,217157,0
1543,1543-1592,exclude_from_consideration_ㅡ,exclude_from_consideration,ㅡ,BRIGHT,DARK,321,321,52923,52923
1543,1543-1592,exclude_from_consideration_ㅡ,exclude_from_consideration,ㅡ,BRIGHT,NEUTRAL,463,463,32106,32106
1543,1543-1592,exclude_from_consideration_ㅡ,exclude_from_consideration,ㅡ,DARK,BRIGHT,389,389,55060,55060
1543,1543-1592,exclude_from_consideration_ㅡ,exclude_from_consideration,ㅡ,DARK,DARK,178,0,84259,0
1543,1543-1592,exclude_from_consideration_ㅡ,exclude_from_consideration,ㅡ,DARK,NEUTRAL,138,138,38261,38261
1543,1543-1592,exclude_from_consideration_ㅡ,exclude_from_consideration,ㅡ,NEUTRAL,BRIGHT,456,456,95221,95221
1543,1543-1592,exclude_from_consideration_ㅡ,exclude_from_consideration,ㅡ,NEUTRAL,DARK,308,308,54028,54028
1543,1543-1592,exclude_from_consideration_ㅡ,exclude_from_consideration,ㅡ,NEUTRAL,NEUTRAL,284,284,116202,116202
1543,1543-1592,exclude_from_consideration_ㅡㅜ,exclude_from_consideration,ㅡ+ㅜ,BRIGHT,BRIGHT,709,0,217734,0
1543,1543-1592,exclude_from_consideration_ㅡㅜ,exclude_from_consideration,ㅡ+ㅜ,BRIGHT,DARK,234,234,52021,52021
1543,1543-1592,exclude_from_consideration_ㅡㅜ,exclude_from_consideration,ㅡ+ㅜ,BRIGHT,NEUTRAL,474,474,32145,32145
1543,1543-1592,exclude_from_consideration_ㅡㅜ,exclude_from_consideration,ㅡ+ㅜ,DARK,BRIGHT,275,275,44282,44282
1543,1543-1592,exclude_from_consideration_ㅡㅜ,exclude_from_consideration,ㅡ+ㅜ,DARK,DARK,129,0,76857,0
1543,1543-1592,exclude_from_consideration_ㅡㅜ,exclude_from_consideration,ㅡ+ㅜ,DARK,NEUTRAL,94,94,21885,21885
1543,1543-1592,exclude_from_consideration_ㅡㅜ,exclude_from_consideration,ㅡ+ㅜ,NEUTRAL,BRIGHT,502,502,95424,95424
1543,1543-1592,exclude_from_consideration_ㅡㅜ,exclude_from_consideration,ㅡ+ㅜ,NEUTRAL,DARK,223,223,37162,37162
1543,1543-1592,exclude_from_consideration_ㅡㅜ,exclude_from_consideration,ㅡ+ㅜ,NEUTRAL,NEUTRAL,305,305,132440,132440
1543,1543-1592,exclude_from_consideration_ㅡㅣ,exclude_from_consideration,ㅡ+ㅣ,BRIGHT,BRIGHT,910,0,226092,0
1543,1543-1592,exclude_from_consideration_ㅡㅣ,exclude_from_consideration,ㅡ+ㅣ,BRIGHT,DARK,475,475,59309,59309
1543,1543-1592,exclude_from_consideration_ㅡㅣ,exclude_from_consideration,ㅡ+ㅣ,DARK,BRIGHT,450,450,70675,70675
1543,1543-1592,exclude_from_consideration_ㅡㅣ,exclude_from_consideration,ㅡ+ㅣ,DARK,DARK,232,0,91511,0
1543,1543-1592,exclude_from_consideration_ㅡㅣㅜ,exclude_from_consideration,ㅡ+ㅣ+ㅜ,BRIGHT,BRIGHT,980,0,226759,0
1543,1543-1592,exclude_from_consideration_ㅡㅣㅜ,exclude_from_consideration,ㅡ+ㅣ+ㅜ,BRIGHT,DARK,360,360,58046,58046
1543,1543-1592,exclude_from_consideration_ㅡㅣㅜ,exclude_from_consideration,ㅡ+ㅣ+ㅜ,DARK,BRIGHT,316,316,59617,59617
1543,1543-1592,exclude_from_consideration_ㅡㅣㅜ,exclude_from_consideration,ㅡ+ㅣ+ㅜ,DARK,DARK,162,0,83001,0
1543,1543-1592,exclude_from_consideration_ㅣ,exclude_from_consideration,ㅣ,BRIGHT,BRIGHT,864,0,225297,0
1543,1543-1592,exclude_from_consideration_ㅣ,exclude_from_consideration,ㅣ,BRIGHT,DARK,543,543,60402,60402
1543,1543-1592,exclude_from_consideration_ㅣ,exclude_from_consideration,ㅣ,DARK,BRIGHT,530,530,122916,122916
1543,1543-1592,exclude_from_consideration_ㅣ,exclude_from_consideration,ㅣ,DARK,DARK,423,0,132196,0
1543,1543-1592,exclude_from_consideration_ㅣㅜ,exclude_from_consideration,ㅣ+ㅜ,BRIGHT,BRIGHT,932,0,225960,0
1543,1543-1592,exclude_from_consideration_ㅣㅜ,exclude_from_consideration,ㅣ+ㅜ,BRIGHT,DARK,436,436,59450,59450
1543,1543-1592,exclude_from_consideration_ㅣㅜ,exclude_from_consideration,ㅣ+ㅜ,DARK,BRIGHT,402,402,112138,112138
1543,1543-1592,exclude_from_consideration_ㅣㅜ,exclude_from_consideration,ㅣ+ㅜ,DARK,DARK,340,0,123098,0
1593,1593-1642,baseline_no_excluded_vowels,baseline,NONE,BRIGHT,BRIGHT,566,0,953477,0
1593,1593-1642,baseline_no_excluded_vowels,baseline,NONE,BRIGHT,DARK,361,361,262725,262725
1593,1593-1642,baseline_no_excluded_vowels,baseline,NONE,BRIGHT,NEUTRAL,356,356,125790,125790
1593,1593-1642,baseline_no_excluded_vowels,baseline,NONE,DARK,BRIGHT,407,407,506602,506602
1593,1593-1642,baseline_no_excluded_vowels,baseline,NONE,DARK,DARK,395,0,530633,0
1593,1593-1642,baseline_no_excluded_vowels,baseline,NONE,DARK,NEUTRAL,200,200,249214,249214
1593,1593-1642,baseline_no_excluded_vowels,baseline,NONE,NEUTRAL,BRIGHT,392,392,202407,202407
1593,1593-1642,baseline_no_excluded_vowels,baseline,NONE,NEUTRAL,DARK,298,298,556351,556351
1593,1593-1642,baseline_no_excluded_vowels,baseline,NONE,NEUTRAL,NEUTRAL,204,204,549302,549302
1593,1593-1642,discard_wordforms_containing_ㅜ,discard_wordforms_containing,ㅜ,BRIGHT,BRIGHT,495,0,952724,0
1593,1593-1642,discard_wordforms_containing_ㅜ,discard_wordforms_containing,ㅜ,BRIGHT,DARK,252,252,260200,260200
1593,1593-1642,discard_wordforms_containing_ㅜ,discard_wordforms_containing,ㅜ,BRIGHT,NEUTRAL,290,290,125089,125089
1593,1593-1642,discard_wordforms_containing_ㅜ,discard_wordforms_containing,ㅜ,DARK,BRIGHT,274,274,471757,471757
1593,1593-1642,discard_wordforms_containing_ㅜ,discard_wordforms_containing,ㅜ,DARK,DARK,275,0,460805,0
1593,1593-1642,discard_wordforms_containing_ㅜ,discard_wordforms_containing,ㅜ,DARK,NEUTRAL,122,122,167911,167911
1593,1593-1642,discard_wordforms_containing_ㅜ,discard_wordforms_containing,ㅜ,NEUTRAL,BRIGHT,330,330,201548,201548
1593,1593-1642,discard_wordforms_containing_ㅜ,discard_wordforms_containing,ㅜ,NEUTRAL,DARK,183,183,473944,473944
1593,1593-1642,discard_wordforms_containing_ㅜ,discard_wordforms_containing,ㅜ,NEUTRAL,NEUTRAL,163,163,548744,548744
1593,1593-1642,discard_wordforms_containing_ㅡ,discard_wordforms_containing,ㅡ,BRIGHT,BRIGHT,498,0,708494,0
1593,1593-1642,discard_wordforms_containing_ㅡ,discard_wordforms_containing,ㅡ,BRIGHT,DARK,224,224,96434,96434
1593,1593-1642,discard_wordforms_containing_ㅡ,discard_wordforms_containing,ㅡ,BRIGHT,NEUTRAL,319,319,125189,125189
1593,1593-1642,discard_wordforms_containing_ㅡ,discard_wordforms_containing,ㅡ,DARK,BRIGHT,268,268,173265,173265
1593,1593-1642,discard_wordforms_containing_ㅡ,discard_wordforms_containing,ㅡ,DARK,DARK,167,0,273944,0
1593,1593-1642,discard_wordforms_containing_ㅡ,discard_wordforms_containing,ㅡ,DARK,NEUTRAL,126,126,104920,104920
1593,1593-1642,discard_wordforms_containing_ㅡ,discard_wordforms_containing,ㅡ,NEUTRAL,BRIGHT,332,332,120523,120523
1593,1593-1642,discard_wordforms_containing_ㅡ,discard_wordforms_containing,ㅡ,NEUTRAL,DARK,193,193,244943,244943
1593,1593-1642,discard_wordforms_containing_ㅡ,discard_wordforms_containing,ㅡ,NEUTRAL,NEUTRAL,184,184,504856,504856
1593,1593-1642,discard_wordforms_containing_ㅡㅜ,discard_wordforms_containing,ㅡ+ㅜ,BRIGHT,BRIGHT,443,0,707783,0
1593,1593-1642,discard_wordforms_containing_ㅡㅜ,discard_wordforms_containing,ㅡ+ㅜ,BRIGHT,DARK,148,148,94381,94381
1593,1593-1642,discard_wordforms_containing_ㅡㅜ,discard_wordforms_containing,ㅡ+ㅜ,BRIGHT,NEUTRAL,263,263,124561,124561
1593,1593-1642,discard_wordforms_containing_ㅡㅜ,discard_wordforms_containing,ㅡ+ㅜ,DARK,BRIGHT,176,176,138977,138977
1593,1593-1642,discard_wordforms_containing_ㅡㅜ,discard_wordforms_containing,ㅡ+ㅜ,DARK,DARK,108,0,208215,0
1593,1593-1642,discard_wordforms_containing_ㅡㅜ,discard_wordforms_containing,ㅡ+ㅜ,DARK,NEUTRAL,81,81,26059,26059
1593,1593-1642,discard_wordforms_containing_ㅡㅜ,discard_wordforms_containing,ㅡ+ㅜ,NEUTRAL,BRIGHT,280,280,119687,119687
1593,1593-1642,discard_wordforms_containing_ㅡㅜ,discard_wordforms_containing,ㅡ+ㅜ,NEUTRAL,DARK,121,121,165441,165441
1593,1593-1642,discard_wordforms_containing_ㅡㅜ,discard_wordforms_containing,ㅡ+ㅜ,NEUTRAL,NEUTRAL,150,150,504339,504339
1593,1593-1642,discard_wordforms_containing_ㅡㅣ,discard_wordforms_containing,ㅡ+ㅣ,BRIGHT,BRIGHT,275,0,705622,0
1593,1593-1642,discard_wordforms_containing_ㅡㅣ,discard_wordforms_containing,ㅡ+ㅣ,BRIGHT,DARK,116,116,66190,66190
1593,1593-1642,discard_wordforms_containing_ㅡㅣ,discard_wordforms_containing,ㅡ+ㅣ,DARK,BRIGHT,135,135,171356,171356
1593,1593-1642,discard_wordforms_containing_ㅡㅣ,discard_wordforms_containing,ㅡ+ㅣ,DARK,DARK,122,0,210992,0
1593,1593-1642,discard_wordforms_containing_ㅡㅣㅜ,discard_wordforms_containing,ㅡ+ㅣ+ㅜ,BRIGHT,BRIGHT,252,0,705245,0
1593,1593-1642,discard_wordforms_containing_ㅡㅣㅜ,discard_wordforms_containing,ㅡ+ㅣ+ㅜ,BRIGHT,DARK,90,90,65088,65088
1593,1593-1642,discard_wordforms_containing_ㅡㅣㅜ,discard_wordforms_containing,ㅡ+ㅣ+ㅜ,DARK,BRIGHT,102,102,137994,137994
1593,1593-1642,discard_wordforms_containing_ㅡㅣㅜ,discard_wordforms_containing,ㅡ+ㅣ+ㅜ,DARK,DARK,84,0,145312,0
1593,1593-1642,discard_wordforms_containing_ㅣ,discard_wordforms_containing,ㅣ,BRIGHT,BRIGHT,309,0,705845,0
1593,1593-1642,discard_wordforms_containing_ㅣ,discard_wordforms_containing,ㅣ,BRIGHT,DARK,189,189,67365,67365
1593,1593-1642,discard_wordforms_containing_ㅣ,discard_wordforms_containing,ㅣ,DARK,BRIGHT,207,207,176019,176019
1593,1593-1642,discard_wordforms_containing_ㅣ,discard_wordforms_containing,ㅣ,DARK,DARK,245,0,300119,0
1593,1593-1642,discard_wordforms_containing_ㅣㅜ,discard_wordforms_containing,ㅣ+ㅜ,BRIGHT,BRIGHT,281,0,705451,0
1593,1593-1642,discard_wordforms_containing_ㅣㅜ,discard_wordforms_containing,ㅣ+ㅜ,BRIGHT,DARK,155,155,66222,66222
1593,1593-1642,discard_wordforms_containing_ㅣㅜ,discard_wordforms_containing,ㅣ+ㅜ,DARK,BRIGHT,163,163,142607,142607
1593,1593-1642,discard_wordforms_containing_ㅣㅜ,discard_wordforms_containing,ㅣ+ㅜ,DARK,DARK,192,0,234390,0
1593,1593-1642,exclude_from_consideration_ㅜ,exclude_from_consideration,ㅜ,BRIGHT,BRIGHT,592,0,954606,0
1593,1593-1642,exclude_from_consideration_ㅜ,exclude_from_consideration,ㅜ,BRIGHT,DARK,301,301,261063,261063
1593,1593-1642,exclude_from_consideration_ㅜ,exclude_from_consideration,ㅜ,BRIGHT,NEUTRAL,363,363,125829,125829
1593,1593-1642,exclude_from_consideration_ㅜ,exclude_from_consideration,ㅜ,DARK,BRIGHT,314,314,472399,472399
1593,1593-1642,exclude_from_consideration_ㅜ,exclude_from_consideration,ㅜ,DARK,DARK,317,0,493989,0
1593,1593-1642,exclude_from_consideration_ㅜ,exclude_from_consideration,ㅜ,DARK,NEUTRAL,171,171,170910,170910
1593,1593-1642,exclude_from_consideration_ㅜ,exclude_from_consideration,ㅜ,NEUTRAL,BRIGHT,434,434,202712,202712
1593,1593-1642,exclude_from_consideration_ㅜ,exclude_from_consideration,ㅜ,NEUTRAL,DARK,231,231,477313,477313
1593,1593-1642,exclude_from_consideration_ㅜ,exclude_from_consideration,ㅜ,NEUTRAL,NEUTRAL,215,215,627493,627493
1593,1593-1642,exclude_from_consideration_ㅡ,exclude_from_consideration,ㅡ,BRIGHT,BRIGHT,616,0,955160,0
1593,1593-1642,exclude_from_consideration_ㅡ,exclude_from_consideration,ㅡ,BRIGHT,DARK,276,276,260169,260169
1593,1593-1642,exclude_from_consideration_ㅡ,exclude_from_consideration,ㅡ,BRIGHT,NEUTRAL,366,366,126242,126242
1593,1593-1642,exclude_from_consideration_ㅡ,exclude_from_consideration,ㅡ,DARK,BRIGHT,327,327,255484,255484
1593,1593-1642,exclude_from_consideration_ㅡ,exclude_from_consideration,ㅡ,DARK,DARK,220,0,355873,0
1593,1593-1642,exclude_from_consideration_ㅡ,exclude_from_consideration,ㅡ,DARK,NEUTRAL,176,176,188608,188608
1593,1593-1642,exclude_from_consideration_ㅡ,exclude_from_consideration,ㅡ,NEUTRAL,BRIGHT,407,407,447610,447610
1593,1593-1642,exclude_from_consideration_ㅡ,exclude_from_consideration,ㅡ,NEUTRAL,DARK,264,264,247756,247756
1593,1593-1642,exclude_from_consideration_ㅡ,exclude_from_consideration,ㅡ,NEUTRAL,NEUTRAL,210,210,549332,549332
1593,1593-1642,exclude_from_consideration_ㅡㅜ,exclude_from_consideration,ㅡ+ㅜ,BRIGHT,BRIGHT,642,0,956289,0
1593,1593-1642,exclude_from_consideration_ㅡㅜ,exclude_from_consideration,ㅡ+ㅜ,BRIGHT,DARK,216,216,258507,258507
1593,1593-1642,exclude_from_consideration_ㅡㅜ,exclude_from_consideration,ㅡ+ㅜ,BRIGHT,NEUTRAL,373,373,126281,126281
1593,1593-1642,exclude_from_consideration_ㅡㅜ,exclude_from_consideration,ㅡ+ㅜ,DARK,BRIGHT,233,233,221278,221278
1593,1593-1642,exclude_from_consideration_ㅡㅜ,exclude_from_consideration,ㅡ+ㅜ,DARK,DARK,160,0,321637,0
1593,1593-1642,exclude_from_consideration_ㅡㅜ,exclude_from_consideration,ㅡ+ㅜ,DARK,NEUTRAL,141,141,108355,108355
1593,1593-1642,exclude_from_consideration_ㅡㅜ,exclude_from_consideration,ㅡ+ㅜ,NEUTRAL,BRIGHT,449,449,447915,447915
1593,1593-1642,exclude_from_consideration_ㅡㅜ,exclude_from_consideration,ㅡ+ㅜ,NEUTRAL,DARK,182,182,166358,166358
1593,1593-1642,exclude_from_consideration_ㅡㅜ,exclude_from_consideration,ㅡ+ㅜ,NEUTRAL,NEUTRAL,226,226,629428,629428
1593,1593-1642,exclude_from_consideration_ㅡㅣ,exclude_from_consideration,ㅡ+ㅣ,BRIGHT,BRIGHT,799,0,987159,0
1593,1593-1642,exclude_from_consideration_ㅡㅣ,exclude_from_consideration,ㅡ+ㅣ,BRIGHT,DARK,365,365,290570,290570
1593,1593-1642,exclude_from_consideration_ㅡㅣ,exclude_from_consideration,ㅡ+ㅣ,DARK,BRIGHT,387,387,337935,337935
1593,1593-1642,exclude_from_consideration_ㅡㅣ,exclude_from_consideration,ㅡ+ㅣ,DARK,DARK,289,0,383002,0
1593,1593-1642,exclude_from_consideration_ㅡㅣㅜ,exclude_from_consideration,ㅡ+ㅣ+ㅜ,BRIGHT,BRIGHT,850,0,988403,0
1593,1593-1642,exclude_from_consideration_ㅡㅣㅜ,exclude_from_consideration,ㅡ+ㅣ+ㅜ,BRIGHT,DARK,279,279,288376,288376
1593,1593-1642,exclude_from_consideration_ㅡㅣㅜ,exclude_from_consideration,ㅡ+ㅣ+ㅜ,DARK,BRIGHT,285,285,303315,303315
1593,1593-1642,exclude_from_consideration_ㅡㅣㅜ,exclude_from_consideration,ㅡ+ㅣ+ㅜ,DARK,DARK,202,0,346907,0
1593,1593-1642,exclude_from_consideration_ㅣ,exclude_from_consideration,ㅣ,BRIGHT,BRIGHT,743,0,985458,0
1593,1593-1642,exclude_from_consideration_ㅣ,exclude_from_consideration,ㅣ,BRIGHT,DARK,447,447,292694,292694
1593,1593-1642,exclude_from_consideration_ㅣ,exclude_from_consideration,ㅣ,DARK,BRIGHT,467,467,588611,588611
1593,1593-1642,exclude_from_consideration_ㅣ,exclude_from_consideration,ㅣ,DARK,DARK,483,0,558696,0
1593,1593-1642,exclude_from_consideration_ㅣㅜ,exclude_from_consideration,ㅣ+ㅜ,BRIGHT,BRIGHT,793,0,986695,0
1593,1593-1642,exclude_from_consideration_ㅣㅜ,exclude_from_consideration,ㅣ+ㅜ,BRIGHT,DARK,367,367,290944,290944
1593,1593-1642,exclude_from_consideration_ㅣㅜ,exclude_from_consideration,ㅣ+ㅜ,DARK,BRIGHT,370,370,554441,554441
1593,1593-1642,exclude_from_consideration_ㅣㅜ,exclude_from_consideration,ㅣ+ㅜ,DARK,DARK,383,0,521711,0
1643,1643-1692,baseline_no_excluded_vowels,baseline,NONE,BRIGHT,BRIGHT,475,0,1498409,0
1643,1643-1692,baseline_no_excluded_vowels,baseline,NONE,BRIGHT,DARK,310,310,456748,456748
1643,1643-1692,baseline_no_excluded_vowels,baseline,NONE,BRIGHT,NEUTRAL,316,316,198325,198325
1643,1643-1692,baseline_no_excluded_vowels,baseline,NONE,DARK,BRIGHT,362,362,791282,791282
1643,1643-1692,baseline_no_excluded_vowels,baseline,NONE,DARK,DARK,303,0,829029,0
1643,1643-1692,baseline_no_excluded_vowels,baseline,NONE,DARK,NEUTRAL,178,178,414535,414535
1643,1643-1692,baseline_no_excluded_vowels,baseline,NONE,NEUTRAL,BRIGHT,360,360,337340,337340
1643,1643-1692,baseline_no_excluded_vowels,baseline,NONE,NEUTRAL,DARK,290,290,843892,843892
1643,1643-1692,baseline_no_excluded_vowels,baseline,NONE,NEUTRAL,NEUTRAL,200,200,839365,839365
1643,1643-1692,discard_wordforms_containing_ㅜ,discard_wordforms_containing,ㅜ,BRIGHT,BRIGHT,420,0,1495993,0
1643,1643-1692,discard_wordforms_containing_ㅜ,discard_wordforms_containing,ㅜ,BRIGHT,DARK,223,223,450801,450801
1643,1643-1692,discard_wordforms_containing_ㅜ,discard_wordforms_containing,ㅜ,BRIGHT,NEUTRAL,253,253,195247,195247
1643,1643-1692,discard_wordforms_containing_ㅜ,discard_wordforms_containing,ㅜ,DARK,BRIGHT,256,256,751053,751053
1643,1643-1692,discard_wordforms_containing_ㅜ,discard_wordforms_containing,ㅜ,DARK,DARK,233,0,731573,0
1643,1643-1692,discard_wordforms_containing_ㅜ,discard_wordforms_containing,ㅜ,DARK,NEUTRAL,109,109,301191,301191
1643,1643-1692,discard_wordforms_containing_ㅜ,discard_wordforms_containing,ㅜ,NEUTRAL,BRIGHT,296,296,334447,334447
1643,1643-1692,discard_wordforms_containing_ㅜ,discard_wordforms_containing,ㅜ,NEUTRAL,DARK,194,194,727849,727849
1643,1643-1692,discard_wordforms_containing_ㅜ,discard_wordforms_containing,ㅜ,NEUTRAL,NEUTRAL,155,155,837848,837848
1643,1643-1692,discard_wordforms_containing_ㅡ,discard_wordforms_containing,ㅡ,BRIGHT,BRIGHT,440,0,1108982,0
1643,1643-1692,discard_wordforms_containing_ㅡ,discard_wordforms_containing,ㅡ,BRIGHT,DARK,203,203,160424,160424
1643,1643-1692,discard_wordforms_containing_ㅡ,discard_wordforms_containing,ㅡ,BRIGHT,NEUTRAL,286,286,196674,196674
1643,1643-1692,discard_wordforms_containing_ㅡ,discard_wordforms_containing,ㅡ,DARK,BRIGHT,249,249,241373,241373
1643,1643-1692,discard_wordforms_containing_ㅡ,discard_wordforms_containing,ㅡ,DARK,DARK,138,0,413606,0
1643,1643-1692,discard_wordforms_containing_ㅡ,discard_wordforms_containing,ㅡ,DARK,NEUTRAL,109,109,142256,142256
1643,1643-1692,discard_wordforms_containing_ㅡ,discard_wordforms_containing,ㅡ,NEUTRAL,BRIGHT,305,305,192431,192431
1643,1643-1692,discard_wordforms_containing_ㅡ,discard_wordforms_containing,ㅡ,NEUTRAL,DARK,197,197,358409,358409
1643,1643-1692,discard_wordforms_containing_ㅡ,discard_wordforms_containing,ㅡ,NEUTRAL,NEUTRAL,176,176,782096,782096
1643,1643-1692,discard_wordforms_containing_ㅡㅜ,discard_wordforms_containing,ㅡ+ㅜ,BRIGHT,BRIGHT,387,0,1106576,0
1643,1643-1692,discard_wordforms_containing_ㅡㅜ,discard_wordforms_containing,ㅡ+ㅜ,BRIGHT,DARK,133,133,155470,155470
1643,1643-1692,discard_wordforms_containing_ㅡㅜ,discard_wordforms_containing,ㅡ+ㅜ,BRIGHT,NEUTRAL,230,230,193784,193784
1643,1643-1692,discard_wordforms_containing_ㅡㅜ,discard_wordforms_containing,ㅡ+ㅜ,DARK,BRIGHT,160,160,202310,202310
1643,1643-1692,discard_wordforms_containing_ㅡㅜ,discard_wordforms_containing,ㅡ+ㅜ,DARK,DARK,95,0,325367,0
1643,1643-1692,discard_wordforms_containing_ㅡㅜ,discard_wordforms_containing,ㅡ+ㅜ,DARK,NEUTRAL,63,63,34368,34368
1643,1643-1692,discard_wordforms_containing_ㅡㅜ,discard_wordforms_containing,ㅡ+ㅜ,NEUTRAL,BRIGHT,250,250,189575,189575
1643,1643-1692,discard_wordforms_containing_ㅡㅜ,discard_wordforms_containing,ㅡ+ㅜ,NEUTRAL,DARK,124,124,248864,248864
1643,1643-1692,discard_wordforms_containing_ㅡㅜ,discard_wordforms_containing,ㅡ+ㅜ,NEUTRAL,NEUTRAL,137,137,780638,780638
1643,1643-1692,discard_wordforms_containing_ㅡㅣ,discard_wordforms_containing,ㅡ+ㅣ,BRIGHT,BRIGHT,265,0,1100347,0
1643,1643-1692,discard_wordforms_containing_ㅡㅣ,discard_wordforms_containing,ㅡ+ㅣ,BRIGHT,DARK,119,119,109726,109726
1643,1643-1692,discard_wordforms_containing_ㅡㅣ,discard_wordforms_containing,ㅡ+ㅣ,DARK,BRIGHT,134,134,235017,235017
1643,1643-1692,discard_wordforms_containing_ㅡㅣ,discard_wordforms_containing,ㅡ+ㅣ,DARK,DARK,107,0,314514,0
1643,1643-1692,discard_wordforms_containing_ㅡㅣㅜ,discard_wordforms_containing,ㅡ+ㅣ+ㅜ,BRIGHT,BRIGHT,241,0,1099215,0
1643,1643-1692,discard_wordforms_containing_ㅡㅣㅜ,discard_wordforms_containing,ㅡ+ㅣ+ㅜ,BRIGHT,DARK,92,92,107193,107193
1643,1643-1692,discard_wordforms_containing_ㅡㅣㅜ,discard_wordforms_containing,ㅡ+ㅣ+ㅜ,DARK,BRIGHT,96,96,199404,199404
1643,1643-1692,discard_wordforms_containing_ㅡㅣㅜ,discard_wordforms_containing,ㅡ+ㅣ+ㅜ,DARK,DARK,75,0,226368,0
1643,1643-1692,discard_wordforms_containing_ㅣ,discard_wordforms_containing,ㅣ,BRIGHT,BRIGHT,284,0,1100792,0
1643,1643-1692,discard_wordforms_containing_ㅣ,discard_wordforms_containing,ㅣ,BRIGHT,DARK,175,175,112933,112933
1643,1643-1692,discard_wordforms_containing_ㅣ,discard_wordforms_containing,ㅣ,DARK,BRIGHT,192,192,245495,245495
1643,1643-1692,discard_wordforms_containing_ㅣ,discard_wordforms_containing,ㅣ,DARK,DARK,203,0,432542,0
1643,1643-1692,discard_wordforms_containing_ㅣㅜ,discard_wordforms_containing,ㅣ+ㅜ,BRIGHT,BRIGHT,260,0,1099660,0
1643,1643-1692,discard_wordforms_containing_ㅣㅜ,discard_wordforms_containing,ㅣ+ㅜ,BRIGHT,DARK,145,145,110330,110330
1643,1643-1692,discard_wordforms_containing_ㅣㅜ,discard_wordforms_containing,ㅣ+ㅜ,DARK,BRIGHT,151,151,209812,209812
1643,1643-1692,discard_wordforms_containing_ㅣㅜ,discard_wordforms_containing,ㅣ+ㅜ,DARK,DARK,167,0,344366,0
1643,1643-1692,exclude_from_consideration_ㅜ,exclude_from_consideration,ㅜ,BRIGHT,BRIGHT,501,0,1501132,0
1643,1643-1692,exclude_from_consideration_ㅜ,exclude_from_consideration,ㅜ,BRIGHT,DARK,250,250,453162,453162
1643,1643-1692,exclude_from_consideration_ㅜ,exclude_from_consideration,ㅜ,BRIGHT,NEUTRAL,323,323,198439,198439
1643,1643-1692,exclude_from_consideration_ㅜ,exclude_from_consideration,ㅜ,DARK,BRIGHT,280,280,752941,752941
1643,1643-1692,exclude_from_consideration_ㅜ,exclude_from_consideration,ㅜ,DARK,DARK,247,0,777493,0
1643,1643-1692,exclude_from_consideration_ㅜ,exclude_from_consideration,ㅜ,DARK,NEUTRAL,148,148,307714,307714
1643,1643-1692,exclude_from_consideration_ㅜ,exclude_from_consideration,ㅜ,NEUTRAL,BRIGHT,388,388,338295,338295
1643,1643-1692,exclude_from_consideration_ㅜ,exclude_from_consideration,ㅜ,NEUTRAL,DARK,232,232,735331,735331
1643,1643-1692,exclude_from_consideration_ㅜ,exclude_from_consideration,ㅜ,NEUTRAL,NEUTRAL,215,215,945944,945944
1643,1643-1692,exclude_from_consideration_ㅡ,exclude_from_consideration,ㅡ,BRIGHT,BRIGHT,510,0,1503012,0
1643,1643-1692,exclude_from_consideration_ㅡ,exclude_from_consideration,ㅡ,BRIGHT,DARK,237,237,449616,449616
1643,1643-1692,exclude_from_consideration_ㅡ,exclude_from_consideration,ㅡ,BRIGHT,NEUTRAL,324,324,199378,199378
1643,1643-1692,exclude_from_consideration_ㅡ,exclude_from_consideration,ㅡ,DARK,BRIGHT,287,287,386386,386386
1643,1643-1692,exclude_from_consideration_ㅡ,exclude_from_consideration,ㅡ,DARK,DARK,160,0,557608,0
1643,1643-1692,exclude_from_consideration_ㅡ,exclude_from_consideration,ㅡ,DARK,NEUTRAL,150,150,290826,290826
1643,1643-1692,exclude_from_consideration_ㅡ,exclude_from_consideration,ㅡ,NEUTRAL,BRIGHT,381,381,727877,727877
1643,1643-1692,exclude_from_consideration_ㅡ,exclude_from_consideration,ㅡ,NEUTRAL,DARK,247,247,365211,365211
1643,1643-1692,exclude_from_consideration_ㅡ,exclude_from_consideration,ㅡ,NEUTRAL,NEUTRAL,207,207,839469,839469
1643,1643-1692,exclude_from_consideration_ㅡㅜ,exclude_from_consideration,ㅡ+ㅜ,BRIGHT,BRIGHT,536,0,1505735,0
1643,1643-1692,exclude_from_consideration_ㅡㅜ,exclude_from_consideration,ㅡ+ㅜ,BRIGHT,DARK,177,177,446030,446030
1643,1643-1692,exclude_from_consideration_ㅡㅜ,exclude_from_consideration,ㅡ+ㅜ,BRIGHT,NEUTRAL,331,331,199492,199492
1643,1643-1692,exclude_from_consideration_ㅡㅜ,exclude_from_consideration,ㅡ+ㅜ,DARK,BRIGHT,203,203,348026,348026
1643,1643-1692,exclude_from_consideration_ㅡㅜ,exclude_from_consideration,ㅡ+ㅜ,DARK,DARK,120,0,511643,0
1643,1643-1692,exclude_from_consideration_ㅡㅜ,exclude_from_consideration,ㅡ+ㅜ,DARK,NEUTRAL,113,113,179511,179511
1643,1643-1692,exclude_from_consideration_ㅡㅜ,exclude_from_consideration,ㅡ+ㅜ,NEUTRAL,BRIGHT,409,409,728832,728832
1643,1643-1692,exclude_from_consideration_ㅡㅜ,exclude_from_consideration,ㅡ+ㅜ,NEUTRAL,DARK,179,179,251268,251268
1643,1643-1692,exclude_from_consideration_ㅡㅜ,exclude_from_consideration,ㅡ+ㅜ,NEUTRAL,NEUTRAL,227,227,950383,950383
1643,1643-1692,exclude_from_consideration_ㅡㅣ,exclude_from_consideration,ㅡ+ㅣ,BRIGHT,BRIGHT,661,0,1557648,0
1643,1643-1692,exclude_from_consideration_ㅡㅣ,exclude_from_consideration,ㅡ+ㅣ,BRIGHT,DARK,310,310,495889,495889
1643,1643-1692,exclude_from_consideration_ㅡㅣ,exclude_from_consideration,ㅡ+ㅣ,DARK,BRIGHT,337,337,532385,532385
1643,1643-1692,exclude_from_consideration_ㅡㅣ,exclude_from_consideration,ㅡ+ㅣ,DARK,DARK,216,0,595210,0
1643,1643-1692,exclude_from_consideration_ㅡㅣㅜ,exclude_from_consideration,ㅡ+ㅣ+ㅜ,BRIGHT,BRIGHT,708,0,1560893,0
1643,1643-1692,exclude_from_consideration_ㅡㅣㅜ,exclude_from_consideration,ㅡ+ㅣ+ㅜ,BRIGHT,DARK,228,228,490775,490775
1643,1643-1692,exclude_from_consideration_ㅡㅣㅜ,exclude_from_consideration,ㅡ+ㅣ+ㅜ,DARK,BRIGHT,242,242,492989,492989
1643,1643-1692,exclude_from_consideration_ㅡㅣㅜ,exclude_from_consideration,ㅡ+ㅣ+ㅜ,DARK,DARK,152,0,545074,0
1643,1643-1692,exclude_from_consideration_ㅣ,exclude_from_consideration,ㅣ,BRIGHT,BRIGHT,621,0,1553012,0
1643,1643-1692,exclude_from_consideration_ㅣ,exclude_from_consideration,ㅣ,BRIGHT,DARK,381,381,502005,502005
1643,1643-1692,exclude_from_consideration_ㅣ,exclude_from_consideration,ㅣ,DARK,BRIGHT,410,410,936251,936251
1643,1643-1692,exclude_from_consideration_ㅣ,exclude_from_consideration,ㅣ,DARK,DARK,375,0,868784,0
1643,1643-1692,exclude_from_consideration_ㅣㅜ,exclude_from_consideration,ㅣ+ㅜ,BRIGHT,BRIGHT,667,0,1556252,0
1643,1643-1692,exclude_from_consideration_ㅣㅜ,exclude_from_consideration,ㅣ+ㅜ,BRIGHT,DARK,303,303,497930,497930
1643,1643-1692,exclude_from_consideration_ㅣㅜ,exclude_from_consideration,ㅣ+ㅜ,DARK,BRIGHT,321,321,897924,897924
1643,1643-1692,exclude_from_consideration_ㅣㅜ,exclude_from_consideration,ㅣ+ㅜ,DARK,DARK,299,0,816529,0
1693,1693-1742,baseline_no_excluded_vowels,baseline,NONE,BRIGHT,BRIGHT,419,0,3313888,0
1693,1693-1742,baseline_no_excluded_vowels,baseline,NONE,BRIGHT,DARK,277,277,1367394,1367394
1693,1693-1742,baseline_no_excluded_vowels,baseline,NONE,BRIGHT,NEUTRAL,240,240,440835,440835
1693,1693-1742,baseline_no_excluded_vowels,baseline,NONE,DARK,BRIGHT,299,299,1958960,1958960
1693,1693-1742,baseline_no_excluded_vowels,baseline,NONE,DARK,DARK,276,0,2174291,0
1693,1693-1742,baseline_no_excluded_vowels,baseline,NONE,DARK,NEUTRAL,177,177,1041579,1041579
1693,1693-1742,baseline_no_excluded_vowels,baseline,NONE,NEUTRAL,BRIGHT,269,269,938332,938332
1693,1693-1742,baseline_no_excluded_vowels,baseline,NONE,NEUTRAL,DARK,231,231,1826474,1826474
1693,1693-1742,baseline_no_excluded_vowels,baseline,NONE,NEUTRAL,NEUTRAL,148,148,2047797,2047797
1693,1693-1742,discard_wordforms_containing_ㅜ,discard_wordforms_containing,ㅜ,BRIGHT,BRIGHT,377,0,3311595,0
1693,1693-1742,discard_wordforms_containing_ㅜ,discard_wordforms_containing,ㅜ,BRIGHT,DARK,222,222,1359611,1359611
1693,1693-1742,discard_wordforms_containing_ㅜ,discard_wordforms_containing,ㅜ,BRIGHT,NEUTRAL,207,207,437278,437278
1693,1693-1742,discard_wordforms_containing_ㅜ,discard_wordforms_containing,ㅜ,DARK,BRIGHT,218,218,1888186,1888186
1693,1693-1742,discard_wordforms_containing_ㅜ,discard_wordforms_containing,ㅜ,DARK,DARK,208,0,1971746,0
1693,1693-1742,discard_wordforms_containing_ㅜ,discard_wordforms_containing,ㅜ,DARK,NEUTRAL,127,127,859971,859971
1693,1693-1742,discard_wordforms_containing_ㅜ,discard_wordforms_containing,ㅜ,NEUTRAL,BRIGHT,236,236,934620,934620
1693,1693-1742,discard_wordforms_containing_ㅜ,discard_wordforms_containing,ㅜ,NEUTRAL,DARK,157,157,1641668,1641668
1693,1693-1742,discard_wordforms_containing_ㅜ,discard_wordforms_containing,ㅜ,NEUTRAL,NEUTRAL,117,117,2046219,2046219
1693,1693-1742,discard_wordforms_containing_ㅡ,discard_wordforms_containing,ㅡ,BRIGHT,BRIGHT,388,0,2439956,0
1693,1693-1742,discard_wordforms_containing_ㅡ,discard_wordforms_containing,ㅡ,BRIGHT,DARK,182,182,348146,348146
1693,1693-1742,discard_wordforms_containing_ㅡ,discard_wordforms_containing,ㅡ,BRIGHT,NEUTRAL,222,222,439426,439426
1693,1693-1742,discard_wordforms_containing_ㅡ,discard_wordforms_containing,ㅡ,DARK,BRIGHT,217,217,555957,555957
1693,1693-1742,discard_wordforms_containing_ㅡ,discard_wordforms_containing,ㅡ,DARK,DARK,131,0,969393,0
1693,1693-1742,discard_wordforms_containing_ㅡ,discard_wordforms_containing,ㅡ,DARK,NEUTRAL,116,116,248556,248556
1693,1693-1742,discard_wordforms_containing_ㅡ,discard_wordforms_containing,ㅡ,NEUTRAL,BRIGHT,238,238,432993,432993
1693,1693-1742,discard_wordforms_containing_ㅡ,discard_wordforms_containing,ㅡ,NEUTRAL,DARK,152,152,770580,770580
1693,1693-1742,discard_wordforms_containing_ㅡ,discard_wordforms_containing,ㅡ,NEUTRAL,NEUTRAL,129,129,1923527,1923527
1693,1693-1742,discard_wordforms_containing_ㅡㅜ,discard_wordforms_containing,ㅡ+ㅜ,BRIGHT,BRIGHT,346,0,2437663,0
1693,1693-1742,discard_wordforms_containing_ㅡㅜ,discard_wordforms_containing,ㅡ+ㅜ,BRIGHT,DARK,130,130,341758,341758
1693,1693-1742,discard_wordforms_containing_ㅡㅜ,discard_wordforms_containing,ㅡ+ㅜ,BRIGHT,NEUTRAL,191,191,436205,436205
1693,1693-1742,discard_wordforms_containing_ㅡㅜ,discard_wordforms_containing,ㅡ+ㅜ,DARK,BRIGHT,143,143,486930,486930
1693,1693-1742,discard_wordforms_containing_ㅡㅜ,discard_wordforms_containing,ㅡ+ㅜ,DARK,DARK,87,0,781042,0
1693,1693-1742,discard_wordforms_containing_ㅡㅜ,discard_wordforms_containing,ㅡ+ㅜ,DARK,NEUTRAL,80,80,75205,75205
1693,1693-1742,discard_wordforms_containing_ㅡㅜ,discard_wordforms_containing,ㅡ+ㅜ,NEUTRAL,BRIGHT,206,206,429290,429290
1693,1693-1742,discard_wordforms_containing_ㅡㅜ,discard_wordforms_containing,ㅡ+ㅜ,NEUTRAL,DARK,96,96,595686,595686
1693,1693-1742,discard_wordforms_containing_ㅡㅜ,discard_wordforms_containing,ㅡ+ㅜ,NEUTRAL,NEUTRAL,102,102,1921982,1921982
1693,1693-1742,discard_wordforms_containing_ㅡㅣ,discard_wordforms_containing,ㅡ+ㅣ,BRIGHT,BRIGHT,262,0,2429058,0
1693,1693-1742,discard_wordforms_containing_ㅡㅣ,discard_wordforms_containing,ㅡ+ㅣ,BRIGHT,DARK,124,124,250540,250540
1693,1693-1742,discard_wordforms_containing_ㅡㅣ,discard_wordforms_containing,ㅡ+ㅣ,DARK,BRIGHT,134,134,548789,548789
1693,1693-1742,discard_wordforms_containing_ㅡㅣ,discard_wordforms_containing,ㅡ+ㅣ,DARK,DARK,111,0,723266,0
1693,1693-1742,discard_wordforms_containing_ㅡㅣㅜ,discard_wordforms_containing,ㅡ+ㅣ+ㅜ,BRIGHT,BRIGHT,244,0,2428389,0
1693,1693-1742,discard_wordforms_containing_ㅡㅣㅜ,discard_wordforms_containing,ㅡ+ㅣ+ㅜ,BRIGHT,DARK,97,97,247193,247193
1693,1693-1742,discard_wordforms_containing_ㅡㅣㅜ,discard_wordforms_containing,ㅡ+ㅣ+ㅜ,DARK,BRIGHT,95,95,483806,483806
1693,1693-1742,discard_wordforms_containing_ㅡㅣㅜ,discard_wordforms_containing,ㅡ+ㅣ+ㅜ,DARK,DARK,71,0,535017,0
1693,1693-1742,discard_wordforms_containing_ㅣ,discard_wordforms_containing,ㅣ,BRIGHT,BRIGHT,285,0,2430139,0
1693,1693-1742,discard_wordforms_containing_ㅣ,discard_wordforms_containing,ㅣ,BRIGHT,DARK,189,189,256780,256780
1693,1693-1742,discard_wordforms_containing_ㅣ,discard_wordforms_containing,ㅣ,DARK,BRIGHT,183,183,569147,569147
1693,1693-1742,discard_wordforms_containing_ㅣ,discard_wordforms_containing,ㅣ,DARK,DARK,215,0,904764,0
1693,1693-1742,discard_wordforms_containing_ㅣㅜ,discard_wordforms_containing,ㅣ+ㅜ,BRIGHT,BRIGHT,267,0,2429470,0
1693,1693-1742,discard_wordforms_containing_ㅣㅜ,discard_wordforms_containing,ㅣ+ㅜ,BRIGHT,DARK,160,160,253349,253349
1693,1693-1742,discard_wordforms_containing_ㅣㅜ,discard_wordforms_containing,ㅣ+ㅜ,DARK,BRIGHT,141,141,504071,504071
1693,1693-1742,discard_wordforms_containing_ㅣㅜ,discard_wordforms_containing,ㅣ+ㅜ,DARK,DARK,168,0,716450,0
1693,1693-1742,exclude_from_consideration_ㅜ,exclude_from_consideration,ㅜ,BRIGHT,BRIGHT,435,0,3316789,0
1693,1693-1742,exclude_from_consideration_ㅜ,exclude_from_consideration,ㅜ,BRIGHT,DARK,243,243,1363449,1363449
1693,1693-1742,exclude_from_consideration_ㅜ,exclude_from_consideration,ㅜ,BRIGHT,NEUTRAL,243,243,440976,440976
1693,1693-1742,exclude_from_consideration_ㅜ,exclude_from_consideration,ㅜ,DARK,BRIGHT,241,241,1891403,1891403
1693,1693-1742,exclude_from_consideration_ㅜ,exclude_from_consideration,ㅜ,DARK,DARK,222,0,2067794,0
1693,1693-1742,exclude_from_consideration_ㅜ,exclude_from_consideration,ㅜ,DARK,NEUTRAL,156,156,869883,869883
1693,1693-1742,exclude_from_consideration_ㅜ,exclude_from_consideration,ㅜ,NEUTRAL,BRIGHT,288,288,939552,939552
1693,1693-1742,exclude_from_consideration_ㅜ,exclude_from_consideration,ㅜ,NEUTRAL,DARK,185,185,1652593,1652593
1693,1693-1742,exclude_from_consideration_ㅜ,exclude_from_consideration,ㅜ,NEUTRAL,NEUTRAL,160,160,2219131,2219131
1693,1693-1742,exclude_from_consideration_ㅡ,exclude_from_consideration,ㅡ,BRIGHT,BRIGHT,444,0,3317428,0
1693,1693-1742,exclude_from_consideration_ㅡ,exclude_from_consideration,ㅡ,BRIGHT,DARK,207,207,1358983,1358983
1693,1693-1742,exclude_from_consideration_ㅡ,exclude_from_consideration,ㅡ,BRIGHT,NEUTRAL,245,245,442207,442207
1693,1693-1742,exclude_from_consideration_ㅡ,exclude_from_consideration,ㅡ,DARK,BRIGHT,237,237,1062129,1062129
1693,1693-1742,exclude_from_consideration_ㅡ,exclude_from_consideration,ㅡ,DARK,DARK,158,0,1473513,0
1693,1693-1742,exclude_from_consideration_ㅡ,exclude_from_consideration,ㅡ,DARK,NEUTRAL,146,146,760087,760087
1693,1693-1742,exclude_from_consideration_ㅡ,exclude_from_consideration,ㅡ,NEUTRAL,BRIGHT,286,286,1813735,1813735
1693,1693-1742,exclude_from_consideration_ㅡ,exclude_from_consideration,ㅡ,NEUTRAL,DARK,181,181,781124,781124
1693,1693-1742,exclude_from_consideration_ㅡ,exclude_from_consideration,ㅡ,NEUTRAL,NEUTRAL,153,153,2047964,2047964
1693,1693-1742,exclude_from_consideration_ㅡㅜ,exclude_from_consideration,ㅡ+ㅜ,BRIGHT,BRIGHT,460,0,3320329,0
1693,1693-1742,exclude_from_consideration_ㅡㅜ,exclude_from_consideration,ㅡ+ㅜ,BRIGHT,DARK,173,173,1355038,1355038
1693,1693-1742,exclude_from_consideration_ㅡㅜ,exclude_from_consideration,ㅡ+ㅜ,BRIGHT,NEUTRAL,248,248,442348,442348
1693,1693-1742,exclude_from_consideration_ㅡㅜ,exclude_from_consideration,ㅡ+ㅜ,DARK,BRIGHT,178,178,994563,994563
1693,1693-1742,exclude_from_consideration_ㅡㅜ,exclude_from_consideration,ㅡ+ㅜ,DARK,DARK,117,0,1375583,0
1693,1693-1742,exclude_from_consideration_ㅡㅜ,exclude_from_consideration,ㅡ+ㅜ,DARK,NEUTRAL,118,118,581500,581500
1693,1693-1742,exclude_from_consideration_ㅡㅜ,exclude_from_consideration,ㅡ+ㅜ,NEUTRAL,BRIGHT,305,305,1814955,1814955
1693,1693-1742,exclude_from_consideration_ㅡㅜ,exclude_from_consideration,ㅡ+ㅜ,NEUTRAL,DARK,126,126,599029,599029
1693,1693-1742,exclude_from_consideration_ㅡㅜ,exclude_from_consideration,ㅡ+ㅜ,NEUTRAL,NEUTRAL,170,170,2225853,2225853
1693,1693-1742,exclude_from_consideration_ㅡㅣ,exclude_from_consideration,ㅡ+ㅣ,BRIGHT,BRIGHT,546,0,3420387,0
1693,1693-1742,exclude_from_consideration_ㅡㅣ,exclude_from_consideration,ㅡ+ㅣ,BRIGHT,DARK,246,246,1480980,1480980
1693,1693-1742,exclude_from_consideration_ㅡㅣ,exclude_from_consideration,ㅡ+ㅣ,DARK,BRIGHT,280,280,1569669,1569669
1693,1693-1742,exclude_from_consideration_ㅡㅣ,exclude_from_consideration,ㅡ+ㅣ,DARK,DARK,203,0,1552680,0
1693,1693-1742,exclude_from_consideration_ㅡㅣㅜ,exclude_from_consideration,ㅡ+ㅣ+ㅜ,BRIGHT,BRIGHT,575,0,3423958,0
1693,1693-1742,exclude_from_consideration_ㅡㅣㅜ,exclude_from_consideration,ㅡ+ㅣ+ㅜ,BRIGHT,DARK,197,197,1474748,1474748
1693,1693-1742,exclude_from_consideration_ㅡㅣㅜ,exclude_from_consideration,ㅡ+ㅣ+ㅜ,DARK,BRIGHT,214,214,1500636,1500636
1693,1693-1742,exclude_from_consideration_ㅡㅣㅜ,exclude_from_consideration,ㅡ+ㅣ+ㅜ,DARK,DARK,144,0,1448576,0
1693,1693-1742,exclude_from_consideration_ㅣ,exclude_from_consideration,ㅣ,BRIGHT,BRIGHT,520,0,3416820,0
1693,1693-1742,exclude_from_consideration_ㅣ,exclude_from_consideration,ㅣ,BRIGHT,DARK,320,320,1488156,1488156
1693,1693-1742,exclude_from_consideration_ㅣ,exclude_from_consideration,ㅣ,DARK,BRIGHT,339,339,2464909,2464909
1693,1693-1742,exclude_from_consideration_ㅣ,exclude_from_consideration,ㅣ,DARK,DARK,341,0,2256697,0
1693,1693-1742,exclude_from_consideration_ㅣㅜ,exclude_from_consideration,ㅣ+ㅜ,BRIGHT,BRIGHT,548,0,3420382,0
1693,1693-1742,exclude_from_consideration_ㅣㅜ,exclude_from_consideration,ㅣ+ㅜ,BRIGHT,DARK,274,274,1483571,1483571
1693,1693-1742,exclude_from_consideration_ㅣㅜ,exclude_from_consideration,ㅣ+ㅜ,DARK,BRIGHT,278,278,2397539,2397539
1693,1693-1742,exclude_from_consideration_ㅣㅜ,exclude_from_consideration,ㅣ+ㅜ,DARK,DARK,271,0,2149257,0
1743,1743-1792,baseline_no_excluded_vowels,baseline,NONE,BRIGHT,BRIGHT,482,0,4704849,0
1743,1743-1792,baseline_no_excluded_vowels,baseline,NONE,BRIGHT,DARK,289,289,2067866,2067866
1743,1743-1792,baseline_no_excluded_vowels,baseline,NONE,BRIGHT,NEUTRAL,335,335,768000,768000
1743,1743-1792,baseline_no_excluded_vowels,baseline,NONE,DARK,BRIGHT,355,355,2755484,2755484
1743,1743-1792,baseline_no_excluded_vowels,baseline,NONE,DARK,DARK,305,0,3005026,0
1743,1743-1792,baseline_no_excluded_vowels,baseline,NONE,DARK,NEUTRAL,225,225,1648623,1648623
1743,1743-1792,baseline_no_excluded_vowels,baseline,NONE,NEUTRAL,BRIGHT,385,385,1512223,1512223
1743,1743-1792,baseline_no_excluded_vowels,baseline,NONE,NEUTRAL,DARK,296,296,2649281,2649281
1743,1743-1792,baseline_no_excluded_vowels,baseline,NONE,NEUTRAL,NEUTRAL,266,266,3503681,3503681
1743,1743-1792,discard_wordforms_containing_ㅜ,discard_wordforms_containing,ㅜ,BRIGHT,BRIGHT,426,0,4701037,0
1743,1743-1792,discard_wordforms_containing_ㅜ,discard_wordforms_containing,ㅜ,BRIGHT,DARK,219,219,2043177,2043177
1743,1743-1792,discard_wordforms_containing_ㅜ,discard_wordforms_containing,ㅜ,BRIGHT,NEUTRAL,290,290,762687,762687
1743,1743-1792,discard_wordforms_containing_ㅜ,discard_wordforms_containing,ㅜ,DARK,BRIGHT,243,243,2575042,2575042
1743,1743-1792,discard_wordforms_containing_ㅜ,discard_wordforms_containing,ㅜ,DARK,DARK,208,0,2726957,0
1743,1743-1792,discard_wordforms_containing_ㅜ,discard_wordforms_containing,ㅜ,DARK,NEUTRAL,141,141,1407127,1407127
1743,1743-1792,discard_wordforms_containing_ㅜ,discard_wordforms_containing,ㅜ,NEUTRAL,BRIGHT,342,342,1507672,1507672
1743,1743-1792,discard_wordforms_containing_ㅜ,discard_wordforms_containing,ㅜ,NEUTRAL,DARK,174,174,2401720,2401720
1743,1743-1792,discard_wordforms_containing_ㅜ,discard_wordforms_containing,ㅜ,NEUTRAL,NEUTRAL,200,200,3498609,3498609
1743,1743-1792,discard_wordforms_containing_ㅡ,discard_wordforms_containing,ㅡ,BRIGHT,BRIGHT,444,0,3527791,0
1743,1743-1792,discard_wordforms_containing_ㅡ,discard_wordforms_containing,ㅡ,BRIGHT,DARK,190,190,566297,566297
1743,1743-1792,discard_wordforms_containing_ㅡ,discard_wordforms_containing,ㅡ,BRIGHT,NEUTRAL,299,299,762549,762549
1743,1743-1792,discard_wordforms_containing_ㅡ,discard_wordforms_containing,ㅡ,DARK,BRIGHT,242,242,801356,801356
1743,1743-1792,discard_wordforms_containing_ㅡ,discard_wordforms_containing,ㅡ,DARK,DARK,143,0,1194364,0
1743,1743-1792,discard_wordforms_containing_ㅡ,discard_wordforms_containing,ㅡ,DARK,NEUTRAL,155,155,346349,346349
1743,1743-1792,discard_wordforms_containing_ㅡ,discard_wordforms_containing,ㅡ,NEUTRAL,BRIGHT,324,324,761876,761876
1743,1743-1792,discard_wordforms_containing_ㅡ,discard_wordforms_containing,ㅡ,NEUTRAL,DARK,206,206,1197759,1197759
1743,1743-1792,discard_wordforms_containing_ㅡ,discard_wordforms_containing,ㅡ,NEUTRAL,NEUTRAL,226,226,3327331,3327331
1743,1743-1792,discard_wordforms_containing_ㅡㅜ,discard_wordforms_containing,ㅡ+ㅜ,BRIGHT,BRIGHT,393,0,3524000,0
1743,1743-1792,discard_wordforms_containing_ㅡㅜ,discard_wordforms_containing,ㅡ+ㅜ,BRIGHT,DARK,132,132,544014,544014
1743,1743-1792,discard_wordforms_containing_ㅡㅜ,discard_wordforms_containing,ㅡ+ㅜ,BRIGHT,NEUTRAL,261,261,758284,758284
1743,1743-1792,discard_wordforms_containing_ㅡㅜ,discard_wordforms_containing,ㅡ+ㅜ,DARK,BRIGHT,153,153,624144,624144
1743,1743-1792,discard_wordforms_containing_ㅡㅜ,discard_wordforms_containing,ㅡ+ㅜ,DARK,DARK,94,0,935374,0
1743,1743-1792,discard_wordforms_containing_ㅡㅜ,discard_wordforms_containing,ㅡ+ㅜ,DARK,NEUTRAL,99,99,115775,115775
1743,1743-1792,discard_wordforms_containing_ㅡㅜ,discard_wordforms_containing,ㅡ+ㅜ,NEUTRAL,BRIGHT,288,288,757750,757750
1743,1743-1792,discard_wordforms_containing_ㅡㅜ,discard_wordforms_containing,ㅡ+ㅜ,NEUTRAL,DARK,117,117,963558,963558
1743,1743-1792,discard_wordforms_containing_ㅡㅜ,discard_wordforms_containing,ㅡ+ㅜ,NEUTRAL,NEUTRAL,173,173,3322517,3322517
1743,1743-1792,discard_wordforms_containing_ㅡㅣ,discard_wordforms_containing,ㅡ+ㅣ,BRIGHT,BRIGHT,245,0,3484284,0
1743,1743-1792,discard_wordforms_containing_ㅡㅣ,discard_wordforms_containing,ㅡ+ㅣ,BRIGHT,DARK,121,121,403948,403948
1743,1743-1792,discard_wordforms_containing_ㅡㅣ,discard_wordforms_containing,ㅡ+ㅣ,DARK,BRIGHT,133,133,792033,792033
1743,1743-1792,discard_wordforms_containing_ㅡㅣ,discard_wordforms_containing,ㅡ+ㅣ,DARK,DARK,111,0,902785,0
1743,1743-1792,discard_wordforms_containing_ㅡㅣㅜ,discard_wordforms_containing,ㅡ+ㅣ+ㅜ,BRIGHT,BRIGHT,226,0,3482786,0
1743,1743-1792,discard_wordforms_containing_ㅡㅣㅜ,discard_wordforms_containing,ㅡ+ㅣ+ㅜ,BRIGHT,DARK,93,93,386501,386501
1743,1743-1792,discard_wordforms_containing_ㅡㅣㅜ,discard_wordforms_containing,ㅡ+ㅣ+ㅜ,DARK,BRIGHT,93,93,620957,620957
1743,1743-1792,discard_wordforms_containing_ㅡㅣㅜ,discard_wordforms_containing,ㅡ+ㅣ+ㅜ,DARK,DARK,71,0,644042,0
1743,1743-1792,discard_wordforms_containing_ㅣ,discard_wordforms_containing,ㅣ,BRIGHT,BRIGHT,269,0,3485569,0
1743,1743-1792,discard_wordforms_containing_ㅣ,discard_wordforms_containing,ㅣ,BRIGHT,DARK,170,170,412399,412399
1743,1743-1792,discard_wordforms_containing_ㅣ,discard_wordforms_containing,ㅣ,DARK,BRIGHT,192,192,818627,818627
1743,1743-1792,discard_wordforms_containing_ㅣ,discard_wordforms_containing,ㅣ,DARK,DARK,198,0,1206361,0
1743,1743-1792,discard_wordforms_containing_ㅣㅜ,discard_wordforms_containing,ㅣ+ㅜ,BRIGHT,BRIGHT,249,0,3484068,0
1743,1743-1792,discard_wordforms_containing_ㅣㅜ,discard_wordforms_containing,ㅣ+ㅜ,BRIGHT,DARK,137,137,394883,394883
1743,1743-1792,discard_wordforms_containing_ㅣㅜ,discard_wordforms_containing,ㅣ+ㅜ,DARK,BRIGHT,146,146,647479,647479
1743,1743-1792,discard_wordforms_containing_ㅣㅜ,discard_wordforms_containing,ㅣ+ㅜ,DARK,DARK,148,0,947550,0
1743,1743-1792,exclude_from_consideration_ㅜ,exclude_from_consideration,ㅜ,BRIGHT,BRIGHT,500,0,4714905,0
1743,1743-1792,exclude_from_consideration_ㅜ,exclude_from_consideration,ㅜ,BRIGHT,DARK,250,250,2050510,2050510
1743,1743-1792,exclude_from_consideration_ㅜ,exclude_from_consideration,ㅜ,BRIGHT,NEUTRAL,337,337,768058,768058
1743,1743-1792,exclude_from_consideration_ㅜ,exclude_from_consideration,ㅜ,DARK,BRIGHT,284,284,2581205,2581205
1743,1743-1792,exclude_from_consideration_ㅜ,exclude_from_consideration,ㅜ,DARK,DARK,240,0,2859213,0
1743,1743-1792,exclude_from_consideration_ㅜ,exclude_from_consideration,ㅜ,DARK,NEUTRAL,191,191,1420725,1420725
1743,1743-1792,exclude_from_consideration_ㅜ,exclude_from_consideration,ㅜ,NEUTRAL,BRIGHT,412,412,1513911,1513911
1743,1743-1792,exclude_from_consideration_ㅜ,exclude_from_consideration,ㅜ,NEUTRAL,DARK,232,232,2418270,2418270
1743,1743-1792,exclude_from_consideration_ㅜ,exclude_from_consideration,ㅜ,NEUTRAL,NEUTRAL,288,288,3731385,3731385
1743,1743-1792,exclude_from_consideration_ㅡ,exclude_from_consideration,ㅡ,BRIGHT,BRIGHT,516,0,4709117,0
1743,1743-1792,exclude_from_consideration_ㅡ,exclude_from_consideration,ㅡ,BRIGHT,DARK,217,217,2056337,2056337
1743,1743-1792,exclude_from_consideration_ㅡ,exclude_from_consideration,ㅡ,BRIGHT,NEUTRAL,343,343,770596,770596
1743,1743-1792,exclude_from_consideration_ㅡ,exclude_from_consideration,ㅡ,DARK,BRIGHT,280,280,1549131,1549131
1743,1743-1792,exclude_from_consideration_ㅡ,exclude_from_consideration,ㅡ,DARK,DARK,173,0,1938844,0
1743,1743-1792,exclude_from_consideration_ㅡ,exclude_from_consideration,ㅡ,DARK,NEUTRAL,205,205,1098863,1098863
1743,1743-1792,exclude_from_consideration_ㅡ,exclude_from_consideration,ㅡ,NEUTRAL,BRIGHT,401,401,2692148,2692148
1743,1743-1792,exclude_from_consideration_ㅡ,exclude_from_consideration,ㅡ,NEUTRAL,DARK,258,258,1212246,1212246
1743,1743-1792,exclude_from_consideration_ㅡ,exclude_from_consideration,ㅡ,NEUTRAL,NEUTRAL,272,272,3504028,3504028
1743,1743-1792,exclude_from_consideration_ㅡㅜ,exclude_from_consideration,ㅡ+ㅜ,BRIGHT,BRIGHT,534,0,4719173,0
1743,1743-1792,exclude_from_consideration_ㅡㅜ,exclude_from_consideration,ㅡ+ㅜ,BRIGHT,DARK,178,178,2038981,2038981
1743,1743-1792,exclude_from_consideration_ㅡㅜ,exclude_from_consideration,ㅡ+ㅜ,BRIGHT,NEUTRAL,345,345,770654,770654
1743,1743-1792,exclude_from_consideration_ㅡㅜ,exclude_from_consideration,ㅡ+ㅜ,DARK,BRIGHT,206,206,1374811,1374811
1743,1743-1792,exclude_from_consideration_ㅡㅜ,exclude_from_consideration,ㅡ+ㅜ,DARK,DARK,125,0,1804053,0
1743,1743-1792,exclude_from_consideration_ㅡㅜ,exclude_from_consideration,ㅡ+ㅜ,DARK,NEUTRAL,165,165,862068,862068
1743,1743-1792,exclude_from_consideration_ㅡㅜ,exclude_from_consideration,ㅡ+ㅜ,NEUTRAL,BRIGHT,428,428,2693836,2693836
1743,1743-1792,exclude_from_consideration_ㅡㅜ,exclude_from_consideration,ㅡ+ㅜ,NEUTRAL,DARK,184,184,970619,970619
1743,1743-1792,exclude_from_consideration_ㅡㅜ,exclude_from_consideration,ㅡ+ㅜ,NEUTRAL,NEUTRAL,299,299,3740277,3740277
1743,1743-1792,exclude_from_consideration_ㅡㅣ,exclude_from_consideration,ㅡ+ㅣ,BRIGHT,BRIGHT,670,0,4899424,0
1743,1743-1792,exclude_from_consideration_ㅡㅣ,exclude_from_consideration,ㅡ+ㅣ,BRIGHT,DARK,285,285,2397989,2397989
1743,1743-1792,exclude_from_consideration_ㅡㅣ,exclude_from_consideration,ㅡ+ㅣ,DARK,BRIGHT,347,347,2296435,2296435
1743,1743-1792,exclude_from_consideration_ㅡㅣ,exclude_from_consideration,ㅡ+ㅣ,DARK,DARK,253,0,2062283,0
1743,1743-1792,exclude_from_consideration_ㅡㅣㅜ,exclude_from_consideration,ㅡ+ㅣ+ㅜ,BRIGHT,BRIGHT,701,0,4909959,0
1743,1743-1792,exclude_from_consideration_ㅡㅣㅜ,exclude_from_consideration,ㅡ+ㅣ+ㅜ,BRIGHT,DARK,230,230,2377964,2377964
1743,1743-1792,exclude_from_consideration_ㅡㅣㅜ,exclude_from_consideration,ㅡ+ㅣ+ㅜ,DARK,BRIGHT,268,268,2120556,2120556
1743,1743-1792,exclude_from_consideration_ㅡㅣㅜ,exclude_from_consideration,ㅡ+ㅣ+ㅜ,DARK,DARK,170,0,1918084,0
1743,1743-1792,exclude_from_consideration_ㅣ,exclude_from_consideration,ㅣ,BRIGHT,BRIGHT,632,0,4893353,0
1743,1743-1792,exclude_from_consideration_ㅣ,exclude_from_consideration,ㅣ,BRIGHT,DARK,357,357,2408810,2408810
1743,1743-1792,exclude_from_consideration_ㅣ,exclude_from_consideration,ㅣ,DARK,BRIGHT,417,417,3500599,3500599
1743,1743-1792,exclude_from_consideration_ㅣ,exclude_from_consideration,ㅣ,DARK,DARK,403,0,3133416,0
1743,1743-1792,exclude_from_consideration_ㅣㅜ,exclude_from_consideration,ㅣ+ㅜ,BRIGHT,BRIGHT,661,0,4903815,0
1743,1743-1792,exclude_from_consideration_ㅣㅜ,exclude_from_consideration,ㅣ+ㅜ,BRIGHT,DARK,306,306,2390919,2390919
1743,1743-1792,exclude_from_consideration_ㅣㅜ,exclude_from_consideration,ㅣ+ㅜ,DARK,BRIGHT,346,346,3326909,3326909
1743,1743-1792,exclude_from_consideration_ㅣㅜ,exclude_from_consideration,ㅣ+ㅜ,DARK,DARK,306,0,2984950,0
1793,1793-1842,baseline_no_excluded_vowels,baseline,NONE,BRIGHT,BRIGHT,409,0,3922839,0
1793,1793-1842,baseline_no_excluded_vowels,baseline,NONE,BRIGHT,DARK,284,284,1201957,1201957
1793,1793-1842,baseline_no_excluded_vowels,baseline,NONE,BRIGHT,NEUTRAL,295,295,631558,631558
1793,1793-1842,baseline_no_excluded_vowels,baseline,NONE,DARK,BRIGHT,302,302,2199593,2199593
1793,1793-1842,baseline_no_excluded_vowels,baseline,NONE,DARK,DARK,257,0,1934567,0
1793,1793-1842,baseline_no_excluded_vowels,baseline,NONE,DARK,NEUTRAL,189,189,1079571,1079571
1793,1793-1842,baseline_no_excluded_vowels,baseline,NONE,NEUTRAL,BRIGHT,365,365,1016810,1016810
1793,1793-1842,baseline_no_excluded_vowels,baseline,NONE,NEUTRAL,DARK,256,256,2301707,2301707
1793,1793-1842,baseline_no_excluded_vowels,baseline,NONE,NEUTRAL,NEUTRAL,204,204,2655619,2655619
1793,1793-1842,discard_wordforms_containing_ㅜ,discard_wordforms_containing,ㅜ,BRIGHT,BRIGHT,363,0,3913276,0
1793,1793-1842,discard_wordforms_containing_ㅜ,discard_wordforms_containing,ㅜ,BRIGHT,DARK,225,225,1171646,1171646
1793,1793-1842,discard_wordforms_containing_ㅜ,discard_wordforms_containing,ㅜ,BRIGHT,NEUTRAL,249,249,614779,614779
1793,1793-1842,discard_wordforms_containing_ㅜ,discard_wordforms_containing,ㅜ,DARK,BRIGHT,200,200,2012486,2012486
1793,1793-1842,discard_wordforms_containing_ㅜ,discard_wordforms_containing,ㅜ,DARK,DARK,173,0,1697347,0
1793,1793-1842,discard_wordforms_containing_ㅜ,discard_wordforms_containing,ㅜ,DARK,NEUTRAL,121,121,854998,854998
1793,1793-1842,discard_wordforms_containing_ㅜ,discard_wordforms_containing,ㅜ,NEUTRAL,BRIGHT,324,324,1002467,1002467
1793,1793-1842,discard_wordforms_containing_ㅜ,discard_wordforms_containing,ㅜ,NEUTRAL,DARK,150,150,2067499,2067499
1793,1793-1842,discard_wordforms_containing_ㅜ,discard_wordforms_containing,ㅜ,NEUTRAL,NEUTRAL,158,158,2641888,2641888
1793,1793-1842,discard_wordforms_containing_ㅡ,discard_wordforms_containing,ㅡ,BRIGHT,BRIGHT,382,0,2831991,0
1793,1793-1842,discard_wordforms_containing_ㅡ,discard_wordforms_containing,ㅡ,BRIGHT,DARK,187,187,461717,461717
1793,1793-1842,discard_wordforms_containing_ㅡ,discard_wordforms_containing,ㅡ,BRIGHT,NEUTRAL,271,271,629473,629473
1793,1793-1842,discard_wordforms_containing_ㅡ,discard_wordforms_containing,ㅡ,DARK,BRIGHT,213,213,709765,709765
1793,1793-1842,discard_wordforms_containing_ㅡ,discard_wordforms_containing,ㅡ,DARK,DARK,148,0,918096,0
1793,1793-1842,discard_wordforms_containing_ㅡ,discard_wordforms_containing,ㅡ,DARK,NEUTRAL,136,136,339810,339810
1793,1793-1842,discard_wordforms_containing_ㅡ,discard_wordforms_containing,ㅡ,NEUTRAL,BRIGHT,310,310,649830,649830
1793,1793-1842,discard_wordforms_containing_ㅡ,discard_wordforms_containing,ㅡ,NEUTRAL,DARK,196,196,961455,961455
1793,1793-1842,discard_wordforms_containing_ㅡ,discard_wordforms_containing,ㅡ,NEUTRAL,NEUTRAL,177,177,2502065,2502065
1793,1793-1842,discard_wordforms_containing_ㅡㅜ,discard_wordforms_containing,ㅡ+ㅜ,BRIGHT,BRIGHT,338,0,2823322,0
1793,1793-1842,discard_wordforms_containing_ㅡㅜ,discard_wordforms_containing,ㅡ+ㅜ,BRIGHT,DARK,136,136,434772,434772
1793,1793-1842,discard_wordforms_containing_ㅡㅜ,discard_wordforms_containing,ㅡ+ㅜ,BRIGHT,NEUTRAL,229,229,613194,613194
1793,1793-1842,discard_wordforms_containing_ㅡㅜ,discard_wordforms_containing,ㅡ+ㅜ,DARK,BRIGHT,124,124,527303,527303
1793,1793-1842,discard_wordforms_containing_ㅡㅜ,discard_wordforms_containing,ㅡ+ㅜ,DARK,DARK,95,0,696758,0
1793,1793-1842,discard_wordforms_containing_ㅡㅜ,discard_wordforms_containing,ㅡ+ㅜ,DARK,NEUTRAL,83,83,125530,125530
1793,1793-1842,discard_wordforms_containing_ㅡㅜ,discard_wordforms_containing,ㅡ+ㅜ,NEUTRAL,BRIGHT,273,273,635952,635952
1793,1793-1842,discard_wordforms_containing_ㅡㅜ,discard_wordforms_containing,ㅡ+ㅜ,NEUTRAL,DARK,109,109,738914,738914
1793,1793-1842,discard_wordforms_containing_ㅡㅜ,discard_wordforms_containing,ㅡ+ㅜ,NEUTRAL,NEUTRAL,135,135,2488691,2488691
1793,1793-1842,discard_wordforms_containing_ㅡㅣ,discard_wordforms_containing,ㅡ+ㅣ,BRIGHT,BRIGHT,212,0,2745386,0
1793,1793-1842,discard_wordforms_containing_ㅡㅣ,discard_wordforms_containing,ㅡ+ㅣ,BRIGHT,DARK,125,125,315527,315527
1793,1793-1842,discard_wordforms_containing_ㅡㅣ,discard_wordforms_containing,ㅡ+ㅣ,DARK,BRIGHT,136,136,684223,684223
1793,1793-1842,discard_wordforms_containing_ㅡㅣ,discard_wordforms_containing,ㅡ+ㅣ,DARK,DARK,121,0,728889,0
1793,1793-1842,discard_wordforms_containing_ㅡㅣㅜ,discard_wordforms_containing,ㅡ+ㅣ+ㅜ,BRIGHT,BRIGHT,194,0,2743906,0
1793,1793-1842,discard_wordforms_containing_ㅡㅣㅜ,discard_wordforms_containing,ㅡ+ㅣ+ㅜ,BRIGHT,DARK,99,99,303223,303223
1793,1793-1842,discard_wordforms_containing_ㅡㅣㅜ,discard_wordforms_containing,ㅡ+ㅣ+ㅜ,DARK,BRIGHT,91,91,522350,522350
1793,1793-1842,discard_wordforms_containing_ㅡㅣㅜ,discard_wordforms_containing,ㅡ+ㅣ+ㅜ,DARK,DARK,79,0,508225,0
1793,1793-1842,discard_wordforms_containing_ㅣ,discard_wordforms_containing,ㅣ,BRIGHT,BRIGHT,227,0,2746641,0
1793,1793-1842,discard_wordforms_containing_ㅣ,discard_wordforms_containing,ㅣ,BRIGHT,DARK,173,173,325248,325248
1793,1793-1842,discard_wordforms_containing_ㅣ,discard_wordforms_containing,ㅣ,DARK,BRIGHT,187,187,716854,716854
1793,1793-1842,discard_wordforms_containing_ㅣ,discard_wordforms_containing,ㅣ,DARK,DARK,192,0,1007556,0
1793,1793-1842,discard_wordforms_containing_ㅣㅜ,discard_wordforms_containing,ㅣ+ㅜ,BRIGHT,BRIGHT,208,0,2745148,0
1793,1793-1842,discard_wordforms_containing_ㅣㅜ,discard_wordforms_containing,ㅣ+ㅜ,BRIGHT,DARK,145,145,312894,312894
1793,1793-1842,discard_wordforms_containing_ㅣㅜ,discard_wordforms_containing,ㅣ+ㅜ,DARK,BRIGHT,140,140,554931,554931
1793,1793-1842,discard_wordforms_containing_ㅣㅜ,discard_wordforms_containing,ㅣ+ㅜ,DARK,DARK,142,0,786775,0
1793,1793-1842,exclude_from_consideration_ㅜ,exclude_from_consideration,ㅜ,BRIGHT,BRIGHT,428,0,3938834,0
1793,1793-1842,exclude_from_consideration_ㅜ,exclude_from_consideration,ㅜ,BRIGHT,DARK,249,249,1181670,1181670
1793,1793-1842,exclude_from_consideration_ㅜ,exclude_from_consideration,ㅜ,BRIGHT,NEUTRAL,296,296,631626,631626
1793,1793-1842,exclude_from_consideration_ㅜ,exclude_from_consideration,ㅜ,DARK,BRIGHT,228,228,2020032,2020032
1793,1793-1842,exclude_from_consideration_ㅜ,exclude_from_consideration,ㅜ,DARK,DARK,196,0,1810809,0
1793,1793-1842,exclude_from_consideration_ㅜ,exclude_from_consideration,ㅜ,DARK,NEUTRAL,159,159,873601,873601
1793,1793-1842,exclude_from_consideration_ㅜ,exclude_from_consideration,ㅜ,NEUTRAL,BRIGHT,389,389,1024149,1024149
1793,1793-1842,exclude_from_consideration_ㅜ,exclude_from_consideration,ㅜ,NEUTRAL,DARK,194,194,2086105,2086105
1793,1793-1842,exclude_from_consideration_ㅜ,exclude_from_consideration,ㅜ,NEUTRAL,NEUTRAL,225,225,2861306,2861306
1793,1793-1842,exclude_from_consideration_ㅡ,exclude_from_consideration,ㅡ,BRIGHT,BRIGHT,435,0,3926601,0
1793,1793-1842,exclude_from_consideration_ㅡ,exclude_from_consideration,ㅡ,BRIGHT,DARK,207,207,1189357,1189357
1793,1793-1842,exclude_from_consideration_ㅡ,exclude_from_consideration,ㅡ,BRIGHT,NEUTRAL,304,304,633467,633467
1793,1793-1842,exclude_from_consideration_ㅡ,exclude_from_consideration,ㅡ,DARK,BRIGHT,234,234,1076092,1076092
1793,1793-1842,exclude_from_consideration_ㅡ,exclude_from_consideration,ㅡ,DARK,DARK,161,0,1278692,0
1793,1793-1842,exclude_from_consideration_ㅡ,exclude_from_consideration,ㅡ,DARK,NEUTRAL,162,162,710205,710205
1793,1793-1842,exclude_from_consideration_ㅡ,exclude_from_consideration,ㅡ,NEUTRAL,BRIGHT,378,378,2109096,2109096
1793,1793-1842,exclude_from_consideration_ㅡ,exclude_from_consideration,ㅡ,NEUTRAL,DARK,223,223,974688,974688
1793,1793-1842,exclude_from_consideration_ㅡ,exclude_from_consideration,ㅡ,NEUTRAL,NEUTRAL,209,209,2657424,2657424
1793,1793-1842,exclude_from_consideration_ㅡㅜ,exclude_from_consideration,ㅡ+ㅜ,BRIGHT,BRIGHT,454,0,3942596,0
1793,1793-1842,exclude_from_consideration_ㅡㅜ,exclude_from_consideration,ㅡ+ㅜ,BRIGHT,DARK,172,172,1169070,1169070
1793,1793-1842,exclude_from_consideration_ㅡㅜ,exclude_from_consideration,ㅡ+ㅜ,BRIGHT,NEUTRAL,305,305,633535,633535
1793,1793-1842,exclude_from_consideration_ㅡㅜ,exclude_from_consideration,ㅡ+ㅜ,DARK,BRIGHT,159,159,896494,896494
1793,1793-1842,exclude_from_consideration_ㅡㅜ,exclude_from_consideration,ㅡ+ㅜ,DARK,DARK,112,0,1163407,0
1793,1793-1842,exclude_from_consideration_ㅡㅜ,exclude_from_consideration,ㅡ+ㅜ,DARK,NEUTRAL,126,126,497400,497400
1793,1793-1842,exclude_from_consideration_ㅡㅜ,exclude_from_consideration,ㅡ+ㅜ,NEUTRAL,BRIGHT,402,402,2116435,2116435
1793,1793-1842,exclude_from_consideration_ㅡㅜ,exclude_from_consideration,ㅡ+ㅜ,NEUTRAL,DARK,153,153,750930,750930
1793,1793-1842,exclude_from_consideration_ㅡㅜ,exclude_from_consideration,ㅡ+ㅜ,NEUTRAL,NEUTRAL,235,235,2869681,2869681
1793,1793-1842,exclude_from_consideration_ㅡㅣ,exclude_from_consideration,ㅡ+ㅣ,BRIGHT,BRIGHT,582,0,4113217,0
1793,1793-1842,exclude_from_consideration_ㅡㅣ,exclude_from_consideration,ㅡ+ㅣ,BRIGHT,DARK,261,261,1412941,1412941
1793,1793-1842,exclude_from_consideration_ㅡㅣ,exclude_from_consideration,ㅡ+ㅣ,DARK,BRIGHT,282,282,1448767,1448767
1793,1793-1842,exclude_from_consideration_ㅡㅣ,exclude_from_consideration,ㅡ+ㅣ,DARK,DARK,225,0,1411883,0
1793,1793-1842,exclude_from_consideration_ㅡㅣㅜ,exclude_from_consideration,ㅡ+ㅣ+ㅜ,BRIGHT,BRIGHT,612,0,4131636,0
1793,1793-1842,exclude_from_consideration_ㅡㅣㅜ,exclude_from_consideration,ㅡ+ㅣ+ㅜ,BRIGHT,DARK,210,210,1388079,1388079
1793,1793-1842,exclude_from_consideration_ㅡㅣㅜ,exclude_from_consideration,ㅡ+ㅣ+ㅜ,DARK,BRIGHT,202,202,1270370,1270370
1793,1793-1842,exclude_from_consideration_ㅡㅣㅜ,exclude_from_consideration,ㅡ+ㅣ+ㅜ,DARK,DARK,148,0,1283548,0
1793,1793-1842,exclude_from_consideration_ㅣ,exclude_from_consideration,ㅣ,BRIGHT,BRIGHT,552,0,4108813,0
1793,1793-1842,exclude_from_consideration_ㅣ,exclude_from_consideration,ㅣ,BRIGHT,DARK,337,337,1424321,1424321
1793,1793-1842,exclude_from_consideration_ㅣ,exclude_from_consideration,ㅣ,DARK,BRIGHT,349,349,2572011,2572011
1793,1793-1842,exclude_from_consideration_ㅣ,exclude_from_consideration,ㅣ,DARK,DARK,336,0,2071500,0
1793,1793-1842,exclude_from_consideration_ㅣㅜ,exclude_from_consideration,ㅣ+ㅜ,BRIGHT,BRIGHT,581,0,4127225,0
1793,1793-1842,exclude_from_consideration_ㅣㅜ,exclude_from_consideration,ㅣ+ㅜ,BRIGHT,DARK,289,289,1401045,1401045
1793,1793-1842,exclude_from_consideration_ㅣㅜ,exclude_from_consideration,ㅣ+ㅜ,DARK,BRIGHT,274,274,2395248,2395248
1793,1793-1842,exclude_from_consideration_ㅣㅜ,exclude_from_consideration,ㅣ+ㅜ,DARK,DARK,249,0,1939930,0
1843,1843-1892,baseline_no_excluded_vowels,baseline,NONE,BRIGHT,BRIGHT,344,0,2943718,0
1843,1843-1892,baseline_no_excluded_vowels,baseline,NONE,BRIGHT,DARK,333,333,1096694,1096694
1843,1843-1892,baseline_no_excluded_vowels,baseline,NONE,BRIGHT,NEUTRAL,192,192,669116,669116
1843,1843-1892,baseline_no_excluded_vowels,baseline,NONE,DARK,BRIGHT,248,248,1592284,1592284
1843,1843-1892,baseline_no_excluded_vowels,baseline,NONE,DARK,DARK,314,0,1431972,0
1843,1843-1892,baseline_no_excluded_vowels,baseline,NONE,DARK,NEUTRAL,166,166,867917,867917
1843,1843-1892,baseline_no_excluded_vowels,baseline,NONE,NEUTRAL,BRIGHT,249,249,957937,957937
1843,1843-1892,baseline_no_excluded_vowels,baseline,NONE,NEUTRAL,DARK,201,201,1739132,1739132
1843,1843-1892,baseline_no_excluded_vowels,baseline,NONE,NEUTRAL,NEUTRAL,122,122,1956162,1956162
1843,1843-1892,discard_wordforms_containing_ㅜ,discard_wordforms_containing,ㅜ,BRIGHT,BRIGHT,316,0,2914463,0
1843,1843-1892,discard_wordforms_containing_ㅜ,discard_wordforms_containing,ㅜ,BRIGHT,DARK,279,279,1013731,1013731
1843,1843-1892,discard_wordforms_containing_ㅜ,discard_wordforms_containing,ㅜ,BRIGHT,NEUTRAL,163,163,602603,602603
1843,1843-1892,discard_wordforms_containing_ㅜ,discard_wordforms_containing,ㅜ,DARK,BRIGHT,179,179,1402592,1402592
1843,1843-1892,discard_wordforms_containing_ㅜ,discard_wordforms_containing,ㅜ,DARK,DARK,214,0,1234458,0
1843,1843-1892,discard_wordforms_containing_ㅜ,discard_wordforms_containing,ㅜ,DARK,NEUTRAL,117,117,642183,642183
1843,1843-1892,discard_wordforms_containing_ㅜ,discard_wordforms_containing,ㅜ,NEUTRAL,BRIGHT,219,219,906028,906028
1843,1843-1892,discard_wordforms_containing_ㅜ,discard_wordforms_containing,ㅜ,NEUTRAL,DARK,135,135,1491888,1491888
1843,1843-1892,discard_wordforms_containing_ㅜ,discard_wordforms_containing,ㅜ,NEUTRAL,NEUTRAL,85,85,1918420,1918420
1843,1843-1892,discard_wordforms_containing_ㅡ,discard_wordforms_containing,ㅡ,BRIGHT,BRIGHT,312,0,2238195,0
1843,1843-1892,discard_wordforms_containing_ㅡ,discard_wordforms_containing,ㅡ,BRIGHT,DARK,189,189,510240,510240
1843,1843-1892,discard_wordforms_containing_ㅡ,discard_wordforms_containing,ㅡ,BRIGHT,NEUTRAL,174,174,664030,664030
1843,1843-1892,discard_wordforms_containing_ㅡ,discard_wordforms_containing,ㅡ,DARK,BRIGHT,158,158,562461,562461
1843,1843-1892,discard_wordforms_containing_ㅡ,discard_wordforms_containing,ㅡ,DARK,DARK,131,0,612515,0
1843,1843-1892,discard_wordforms_containing_ㅡ,discard_wordforms_containing,ㅡ,DARK,NEUTRAL,115,115,341091,341091
1843,1843-1892,discard_wordforms_containing_ㅡ,discard_wordforms_containing,ㅡ,NEUTRAL,BRIGHT,216,216,678377,678377
1843,1843-1892,discard_wordforms_containing_ㅡ,discard_wordforms_containing,ㅡ,NEUTRAL,DARK,138,138,804771,804771
1843,1843-1892,discard_wordforms_containing_ㅡ,discard_wordforms_containing,ㅡ,NEUTRAL,NEUTRAL,108,108,1852146,1852146
1843,1843-1892,discard_wordforms_containing_ㅡㅜ,discard_wordforms_containing,ㅡ+ㅜ,BRIGHT,BRIGHT,285,0,2210061,0
1843,1843-1892,discard_wordforms_containing_ㅡㅜ,discard_wordforms_containing,ㅡ+ㅜ,BRIGHT,DARK,145,145,433744,433744
1843,1843-1892,discard_wordforms_containing_ㅡㅜ,discard_wordforms_containing,ㅡ+ㅜ,BRIGHT,NEUTRAL,147,147,597855,597855
1843,1843-1892,discard_wordforms_containing_ㅡㅜ,discard_wordforms_containing,ㅡ+ㅜ,DARK,BRIGHT,98,98,380142,380142
1843,1843-1892,discard_wordforms_containing_ㅡㅜ,discard_wordforms_containing,ㅡ+ㅜ,DARK,DARK,68,0,448691,0
1843,1843-1892,discard_wordforms_containing_ㅡㅜ,discard_wordforms_containing,ㅡ+ㅜ,DARK,NEUTRAL,76,76,135044,135044
1843,1843-1892,discard_wordforms_containing_ㅡㅜ,discard_wordforms_containing,ㅡ+ㅜ,NEUTRAL,BRIGHT,189,189,626916,626916
1843,1843-1892,discard_wordforms_containing_ㅡㅜ,discard_wordforms_containing,ㅡ+ㅜ,NEUTRAL,DARK,83,83,580075,580075
1843,1843-1892,discard_wordforms_containing_ㅡㅜ,discard_wordforms_containing,ㅡ+ㅜ,NEUTRAL,NEUTRAL,72,72,1814561,1814561
1843,1843-1892,discard_wordforms_containing_ㅡㅣ,discard_wordforms_containing,ㅡ+ㅣ,BRIGHT,BRIGHT,218,0,2127769,0
1843,1843-1892,discard_wordforms_containing_ㅡㅣ,discard_wordforms_containing,ㅡ+ㅣ,BRIGHT,DARK,131,131,306469,306469
1843,1843-1892,discard_wordforms_containing_ㅡㅣ,discard_wordforms_containing,ㅡ+ㅣ,DARK,BRIGHT,110,110,472456,472456
1843,1843-1892,discard_wordforms_containing_ㅡㅣ,discard_wordforms_containing,ㅡ+ㅣ,DARK,DARK,114,0,515800,0
1843,1843-1892,discard_wordforms_containing_ㅡㅣㅜ,discard_wordforms_containing,ㅡ+ㅣ+ㅜ,BRIGHT,BRIGHT,208,0,2123052,0
1843,1843-1892,discard_wordforms_containing_ㅡㅣㅜ,discard_wordforms_containing,ㅡ+ㅣ+ㅜ,BRIGHT,DARK,108,108,278552,278552
1843,1843-1892,discard_wordforms_containing_ㅡㅣㅜ,discard_wordforms_containing,ㅡ+ㅣ+ㅜ,DARK,BRIGHT,77,77,361729,361729
1843,1843-1892,discard_wordforms_containing_ㅡㅣㅜ,discard_wordforms_containing,ㅡ+ㅣ+ㅜ,DARK,DARK,58,0,353314,0
1843,1843-1892,discard_wordforms_containing_ㅣ,discard_wordforms_containing,ㅣ,BRIGHT,BRIGHT,240,0,2133938,0
1843,1843-1892,discard_wordforms_containing_ㅣ,discard_wordforms_containing,ㅣ,BRIGHT,DARK,237,237,343610,343610
1843,1843-1892,discard_wordforms_containing_ㅣ,discard_wordforms_containing,ㅣ,DARK,BRIGHT,172,172,527941,527941
1843,1843-1892,discard_wordforms_containing_ㅣ,discard_wordforms_containing,ㅣ,DARK,DARK,242,0,768334,0
1843,1843-1892,discard_wordforms_containing_ㅣㅜ,discard_wordforms_containing,ㅣ+ㅜ,BRIGHT,BRIGHT,230,0,2129221,0
1843,1843-1892,discard_wordforms_containing_ㅣㅜ,discard_wordforms_containing,ㅣ+ㅜ,BRIGHT,DARK,210,210,314789,314789
1843,1843-1892,discard_wordforms_containing_ㅣㅜ,discard_wordforms_containing,ㅣ+ㅜ,DARK,BRIGHT,137,137,416572,416572
1843,1843-1892,discard_wordforms_containing_ㅣㅜ,discard_wordforms_containing,ㅣ+ㅜ,DARK,DARK,167,0,602895,0
1843,1843-1892,exclude_from_consideration_ㅜ,exclude_from_consideration,ㅜ,BRIGHT,BRIGHT,357,0,2985396,0
1843,1843-1892,exclude_from_consideration_ㅜ,exclude_from_consideration,ㅜ,BRIGHT,DARK,305,305,1032406,1032406
1843,1843-1892,exclude_from_consideration_ㅜ,exclude_from_consideration,ㅜ,BRIGHT,NEUTRAL,194,194,669576,669576
1843,1843-1892,exclude_from_consideration_ㅜ,exclude_from_consideration,ㅜ,DARK,BRIGHT,197,197,1415437,1415437
1843,1843-1892,exclude_from_consideration_ㅜ,exclude_from_consideration,ㅜ,DARK,DARK,238,0,1322355,0
1843,1843-1892,exclude_from_consideration_ㅜ,exclude_from_consideration,ㅜ,DARK,NEUTRAL,143,143,676328,676328
1843,1843-1892,exclude_from_consideration_ㅜ,exclude_from_consideration,ㅜ,NEUTRAL,BRIGHT,260,260,968992,968992
1843,1843-1892,exclude_from_consideration_ㅜ,exclude_from_consideration,ㅜ,NEUTRAL,DARK,166,166,1530634,1530634
1843,1843-1892,exclude_from_consideration_ㅜ,exclude_from_consideration,ㅜ,NEUTRAL,NEUTRAL,136,136,2145430,2145430
1843,1843-1892,exclude_from_consideration_ㅡ,exclude_from_consideration,ㅡ,BRIGHT,BRIGHT,370,0,2953690,0
1843,1843-1892,exclude_from_consideration_ㅡ,exclude_from_consideration,ㅡ,BRIGHT,DARK,233,233,1056020,1056020
1843,1843-1892,exclude_from_consideration_ㅡ,exclude_from_consideration,ㅡ,BRIGHT,NEUTRAL,199,199,674793,674793
1843,1843-1892,exclude_from_consideration_ㅡ,exclude_from_consideration,ㅡ,DARK,BRIGHT,180,180,839050,839050
1843,1843-1892,exclude_from_consideration_ㅡ,exclude_from_consideration,ㅡ,DARK,DARK,156,0,880841,0
1843,1843-1892,exclude_from_consideration_ㅡ,exclude_from_consideration,ㅡ,DARK,NEUTRAL,138,138,626406,626406
1843,1843-1892,exclude_from_consideration_ㅡ,exclude_from_consideration,ㅡ,NEUTRAL,BRIGHT,259,259,1659328,1659328
1843,1843-1892,exclude_from_consideration_ㅡ,exclude_from_consideration,ㅡ,NEUTRAL,DARK,163,163,830208,830208
1843,1843-1892,exclude_from_consideration_ㅡ,exclude_from_consideration,ㅡ,NEUTRAL,NEUTRAL,127,127,1959462,1959462
1843,1843-1892,exclude_from_consideration_ㅡㅜ,exclude_from_consideration,ㅡ+ㅜ,BRIGHT,BRIGHT,383,0,2995368,0
1843,1843-1892,exclude_from_consideration_ㅡㅜ,exclude_from_consideration,ㅡ+ㅜ,BRIGHT,DARK,203,203,991470,991470
1843,1843-1892,exclude_from_consideration_ㅡㅜ,exclude_from_consideration,ㅡ+ㅜ,BRIGHT,NEUTRAL,201,201,675253,675253
1843,1843-1892,exclude_from_consideration_ㅡㅜ,exclude_from_consideration,ㅡ+ㅜ,DARK,BRIGHT,129,129,662203,662203
1843,1843-1892,exclude_from_consideration_ㅡㅜ,exclude_from_consideration,ㅡ+ㅜ,DARK,DARK,98,0,790015,0
1843,1843-1892,exclude_from_consideration_ㅡㅜ,exclude_from_consideration,ㅡ+ㅜ,DARK,NEUTRAL,110,110,420512,420512
1843,1843-1892,exclude_from_consideration_ㅡㅜ,exclude_from_consideration,ㅡ+ㅜ,NEUTRAL,BRIGHT,270,270,1670383,1670383
1843,1843-1892,exclude_from_consideration_ㅡㅜ,exclude_from_consideration,ㅡ+ㅜ,NEUTRAL,DARK,121,121,604434,604434
1843,1843-1892,exclude_from_consideration_ㅡㅜ,exclude_from_consideration,ㅡ+ㅜ,NEUTRAL,NEUTRAL,146,146,2163035,2163035
1843,1843-1892,exclude_from_consideration_ㅡㅣ,exclude_from_consideration,ㅡ+ㅣ,BRIGHT,BRIGHT,460,0,3231851,0
1843,1843-1892,exclude_from_consideration_ㅡㅣ,exclude_from_consideration,ㅡ+ㅣ,BRIGHT,DARK,271,271,1272758,1272758
1843,1843-1892,exclude_from_consideration_ㅡㅣ,exclude_from_consideration,ㅡ+ㅣ,DARK,BRIGHT,222,222,1136731,1136731
1843,1843-1892,exclude_from_consideration_ㅡㅣ,exclude_from_consideration,ㅡ+ㅣ,DARK,DARK,200,0,1014669,0
1843,1843-1892,exclude_from_consideration_ㅡㅣㅜ,exclude_from_consideration,ㅡ+ㅣ+ㅜ,BRIGHT,BRIGHT,477,0,3277599,0
1843,1843-1892,exclude_from_consideration_ㅡㅣㅜ,exclude_from_consideration,ㅡ+ㅣ+ㅜ,BRIGHT,DARK,235,235,1198209,1198209
1843,1843-1892,exclude_from_consideration_ㅡㅣㅜ,exclude_from_consideration,ㅡ+ㅣ+ㅜ,DARK,BRIGHT,170,170,958194,958194
1843,1843-1892,exclude_from_consideration_ㅡㅣㅜ,exclude_from_consideration,ㅡ+ㅣ+ㅜ,DARK,DARK,119,0,899208,0
1843,1843-1892,exclude_from_consideration_ㅣ,exclude_from_consideration,ㅣ,BRIGHT,BRIGHT,431,0,3220785,0
1843,1843-1892,exclude_from_consideration_ㅣ,exclude_from_consideration,ㅣ,BRIGHT,DARK,376,376,1312051,1312051
1843,1843-1892,exclude_from_consideration_ㅣ,exclude_from_consideration,ㅣ,DARK,BRIGHT,292,292,1889234,1889234
1843,1843-1892,exclude_from_consideration_ㅣ,exclude_from_consideration,ㅣ,DARK,DARK,365,0,1573305,0
1843,1843-1892,exclude_from_consideration_ㅣㅜ,exclude_from_consideration,ㅣ+ㅜ,BRIGHT,BRIGHT,448,0,3266533,0
1843,1843-1892,exclude_from_consideration_ㅣㅜ,exclude_from_consideration,ㅣ+ㅜ,BRIGHT,DARK,343,343,1240625,1240625
1843,1843-1892,exclude_from_consideration_ㅣㅜ,exclude_from_consideration,ㅣ+ㅜ,DARK,BRIGHT,241,241,1713558,1713558
1843,1843-1892,exclude_from_consideration_ㅣㅜ,exclude_from_consideration,ㅣ+ㅜ,DARK,DARK,270,0,1450497,0
1893,1893-1942,baseline_no_excluded_vowels,baseline,NONE,BRIGHT,BRIGHT,344,0,18373020,0
1893,1893-1942,baseline_no_excluded_vowels,baseline,NONE,BRIGHT,DARK,333,333,10854834,10854834
1893,1893-1942,baseline_no_excluded_vowels,baseline,NONE,BRIGHT,NEUTRAL,127,127,4499609,4499609
1893,1893-1942,baseline_no_excluded_vowels,baseline,NONE,DARK,BRIGHT,227,227,7169833,7169833
1893,1893-1942,baseline_no_excluded_vowels,baseline,NONE,DARK,DARK,290,0,11026972,0
1893,1893-1942,baseline_no_excluded_vowels,baseline,NONE,DARK,NEUTRAL,102,102,3589036,3589036
1893,1893-1942,baseline_no_excluded_vowels,baseline,NONE,NEUTRAL,BRIGHT,161,161,5554947,5554947
1893,1893-1942,baseline_no_excluded_vowels,baseline,NONE,NEUTRAL,DARK,149,149,6309482,6309482
1893,1893-1942,baseline_no_excluded_vowels,baseline,NONE,NEUTRAL,NEUTRAL,31,31,5358042,5358042
1893,1893-1942,discard_wordforms_containing_ㅜ,discard_wordforms_containing,ㅜ,BRIGHT,BRIGHT,339,0,18324926,0
1893,1893-1942,discard_wordforms_containing_ㅜ,discard_wordforms_containing,ㅜ,BRIGHT,DARK,309,309,10375567,10375567
1893,1893-1942,discard_wordforms_containing_ㅜ,discard_wordforms_containing,ㅜ,BRIGHT,NEUTRAL,126,126,4489253,4489253
1893,1893-1942,discard_wordforms_containing_ㅜ,discard_wordforms_containing,ㅜ,DARK,BRIGHT,208,208,6801296,6801296
1893,1893-1942,discard_wordforms_containing_ㅜ,discard_wordforms_containing,ㅜ,DARK,DARK,241,0,9626622,0
1893,1893-1942,discard_wordforms_containing_ㅜ,discard_wordforms_containing,ㅜ,DARK,NEUTRAL,89,89,3004363,3004363
1893,1893-1942,discard_wordforms_containing_ㅜ,discard_wordforms_containing,ㅜ,NEUTRAL,BRIGHT,157,157,5497842,5497842
1893,1893-1942,discard_wordforms_containing_ㅜ,discard_wordforms_containing,ㅜ,NEUTRAL,DARK,139,139,5799951,5799951
1893,1893-1942,discard_wordforms_containing_ㅜ,discard_wordforms_containing,ㅜ,NEUTRAL,NEUTRAL,31,31,5358042,5358042
1893,1893-1942,discard_wordforms_containing_ㅡ,discard_wordforms_containing,ㅡ,BRIGHT,BRIGHT,276,0,16696718,0
1893,1893-1942,discard_wordforms_containing_ㅡ,discard_wordforms_containing,ㅡ,BRIGHT,DARK,160,160,7057514,7057514
1893,1893-1942,discard_wordforms_containing_ㅡ,discard_wordforms_containing,ㅡ,BRIGHT,NEUTRAL,108,108,4278766,4278766
1893,1893-1942,discard_wordforms_containing_ㅡ,discard_wordforms_containing,ㅡ,DARK,BRIGHT,121,121,3138765,3138765
1893,1893-1942,discard_wordforms_containing_ㅡ,discard_wordforms_containing,ㅡ,DARK,DARK,105,0,5122764,0
1893,1893-1942,discard_wordforms_containing_ㅡ,discard_wordforms_containing,ㅡ,DARK,NEUTRAL,66,66,2089722,2089722
1893,1893-1942,discard_wordforms_containing_ㅡ,discard_wordforms_containing,ㅡ,NEUTRAL,BRIGHT,143,143,5114458,5114458
1893,1893-1942,discard_wordforms_containing_ㅡ,discard_wordforms_containing,ㅡ,NEUTRAL,DARK,78,78,3777886,3777886
1893,1893-1942,discard_wordforms_containing_ㅡ,discard_wordforms_containing,ㅡ,NEUTRAL,NEUTRAL,28,28,5220949,5220949
1893,1893-1942,discard_wordforms_containing_ㅡㅜ,discard_wordforms_containing,ㅡ+ㅜ,BRIGHT,BRIGHT,272,0,16654985,0
1893,1893-1942,discard_wordforms_containing_ㅡㅜ,discard_wordforms_containing,ㅡ+ㅜ,BRIGHT,DARK,142,142,6728120,6728120
1893,1893-1942,discard_wordforms_containing_ㅡㅜ,discard_wordforms_containing,ㅡ+ㅜ,BRIGHT,NEUTRAL,107,107,4268410,4268410
1893,1893-1942,discard_wordforms_containing_ㅡㅜ,discard_wordforms_containing,ㅡ+ㅜ,DARK,BRIGHT,105,105,2893338,2893338
1893,1893-1942,discard_wordforms_containing_ㅡㅜ,discard_wordforms_containing,ㅡ+ㅜ,DARK,DARK,71,0,3982502,0
1893,1893-1942,discard_wordforms_containing_ㅡㅜ,discard_wordforms_containing,ㅡ+ㅜ,DARK,NEUTRAL,57,57,1572768,1572768
1893,1893-1942,discard_wordforms_containing_ㅡㅜ,discard_wordforms_containing,ㅡ+ㅜ,NEUTRAL,BRIGHT,139,139,5057353,5057353
1893,1893-1942,discard_wordforms_containing_ㅡㅜ,discard_wordforms_containing,ㅡ+ㅜ,NEUTRAL,DARK,72,72,3336074,3336074
1893,1893-1942,discard_wordforms_containing_ㅡㅜ,discard_wordforms_containing,ㅡ+ㅜ,NEUTRAL,NEUTRAL,28,28,5220949,5220949
1893,1893-1942,discard_wordforms_containing_ㅡㅣ,discard_wordforms_containing,ㅡ+ㅣ,BRIGHT,BRIGHT,216,0,15976501,0
1893,1893-1942,discard_wordforms_containing_ㅡㅣ,discard_wordforms_containing,ㅡ+ㅣ,BRIGHT,DARK,128,128,5133666,5133666
1893,1893-1942,discard_wordforms_containing_ㅡㅣ,discard_wordforms_containing,ㅡ+ㅣ,DARK,BRIGHT,101,101,2807143,2807143
1893,1893-1942,discard_wordforms_containing_ㅡㅣ,discard_wordforms_containing,ㅡ+ㅣ,DARK,DARK,81,0,4701045,0
1893,1893-1942,discard_wordforms_containing_ㅡㅣㅜ,discard_wordforms_containing,ㅡ+ㅣ+ㅜ,BRIGHT,BRIGHT,212,0,15934768,0
1893,1893-1942,discard_wordforms_containing_ㅡㅣㅜ,discard_wordforms_containing,ㅡ+ㅣ+ㅜ,BRIGHT,DARK,114,114,4849547,4849547
1893,1893-1942,discard_wordforms_containing_ㅡㅣㅜ,discard_wordforms_containing,ㅡ+ㅣ+ㅜ,DARK,BRIGHT,86,86,2572072,2572072
1893,1893-1942,discard_wordforms_containing_ㅡㅣㅜ,discard_wordforms_containing,ㅡ+ㅣ+ㅜ,DARK,DARK,52,0,3622114,0
1893,1893-1942,discard_wordforms_containing_ㅣ,discard_wordforms_containing,ㅣ,BRIGHT,BRIGHT,275,0,16712174,0
1893,1893-1942,discard_wordforms_containing_ㅣ,discard_wordforms_containing,ㅣ,BRIGHT,DARK,279,279,8492523,8492523
1893,1893-1942,discard_wordforms_containing_ㅣ,discard_wordforms_containing,ㅣ,DARK,BRIGHT,190,190,5773403,5773403
1893,1893-1942,discard_wordforms_containing_ㅣ,discard_wordforms_containing,ㅣ,DARK,DARK,232,0,9978556,0
1893,1893-1942,discard_wordforms_containing_ㅣㅜ,discard_wordforms_containing,ㅣ+ㅜ,BRIGHT,BRIGHT,271,0,16670441,0
1893,1893-1942,discard_wordforms_containing_ㅣㅜ,discard_wordforms_containing,ㅣ+ㅜ,BRIGHT,DARK,261,261,8076817,8076817
1893,1893-1942,discard_wordforms_containing_ㅣㅜ,discard_wordforms_containing,ㅣ+ㅜ,DARK,BRIGHT,173,173,5421583,5421583
1893,1893-1942,discard_wordforms_containing_ㅣㅜ,discard_wordforms_containing,ㅣ+ㅜ,DARK,DARK,189,0,8645280,0
1893,1893-1942,exclude_from_consideration_ㅜ,exclude_from_consideration,ㅜ,BRIGHT,BRIGHT,345,0,18383376,0
1893,1893-1942,exclude_from_consideration_ㅜ,exclude_from_consideration,ㅜ,BRIGHT,DARK,316,316,10631096,10631096
1893,1893-1942,exclude_from_consideration_ㅜ,exclude_from_consideration,ㅜ,BRIGHT,NEUTRAL,131,131,4535691,4535691
1893,1893-1942,exclude_from_consideration_ㅜ,exclude_from_consideration,ㅜ,DARK,BRIGHT,216,216,6973008,6973008
1893,1893-1942,exclude_from_consideration_ㅜ,exclude_from_consideration,ㅜ,DARK,DARK,248,0,9842224,0
1893,1893-1942,exclude_from_consideration_ㅜ,exclude_from_consideration,ㅜ,DARK,NEUTRAL,91,91,3024610,3024610
1893,1893-1942,exclude_from_consideration_ㅜ,exclude_from_consideration,ㅜ,NEUTRAL,BRIGHT,161,161,5554947,5554947
1893,1893-1942,exclude_from_consideration_ㅜ,exclude_from_consideration,ㅜ,NEUTRAL,DARK,147,147,5938515,5938515
1893,1893-1942,exclude_from_consideration_ㅜ,exclude_from_consideration,ㅜ,NEUTRAL,NEUTRAL,32,32,5720678,5720678
1893,1893-1942,exclude_from_consideration_ㅡ,exclude_from_consideration,ㅡ,BRIGHT,BRIGHT,369,0,18713216,0
1893,1893-1942,exclude_from_consideration_ㅡ,exclude_from_consideration,ㅡ,BRIGHT,DARK,222,222,8336872,8336872
1893,1893-1942,exclude_from_consideration_ㅡ,exclude_from_consideration,ㅡ,BRIGHT,NEUTRAL,134,134,4560584,4560584
1893,1893-1942,exclude_from_consideration_ㅡ,exclude_from_consideration,ㅡ,DARK,BRIGHT,147,147,3766833,3766833
1893,1893-1942,exclude_from_consideration_ㅡ,exclude_from_consideration,ㅡ,DARK,DARK,132,0,6040390,0
1893,1893-1942,exclude_from_consideration_ㅡ,exclude_from_consideration,ㅡ,DARK,NEUTRAL,80,80,2437750,2437750
1893,1893-1942,exclude_from_consideration_ㅡ,exclude_from_consideration,ㅡ,NEUTRAL,BRIGHT,170,170,6464812,6464812
1893,1893-1942,exclude_from_consideration_ㅡ,exclude_from_consideration,ㅡ,NEUTRAL,DARK,95,95,4042159,4042159
1893,1893-1942,exclude_from_consideration_ㅡ,exclude_from_consideration,ㅡ,NEUTRAL,NEUTRAL,34,34,5383016,5383016
1893,1893-1942,exclude_from_consideration_ㅡㅜ,exclude_from_consideration,ㅡ+ㅜ,BRIGHT,BRIGHT,370,0,18723572,0
1893,1893-1942,exclude_from_consideration_ㅡㅜ,exclude_from_consideration,ㅡ+ㅜ,BRIGHT,DARK,205,205,8113134,8113134
1893,1893-1942,exclude_from_consideration_ㅡㅜ,exclude_from_consideration,ㅡ+ㅜ,BRIGHT,NEUTRAL,138,138,4596666,4596666
1893,1893-1942,exclude_from_consideration_ㅡㅜ,exclude_from_consideration,ㅡ+ㅜ,DARK,BRIGHT,136,136,3570008,3570008
1893,1893-1942,exclude_from_consideration_ㅡㅜ,exclude_from_consideration,ㅡ+ㅜ,DARK,DARK,94,0,4922413,0
1893,1893-1942,exclude_from_consideration_ㅡㅜ,exclude_from_consideration,ㅡ+ㅜ,DARK,NEUTRAL,69,69,1873324,1873324
1893,1893-1942,exclude_from_consideration_ㅡㅜ,exclude_from_consideration,ㅡ+ㅜ,NEUTRAL,BRIGHT,170,170,6464812,6464812
1893,1893-1942,exclude_from_consideration_ㅡㅜ,exclude_from_consideration,ㅡ+ㅜ,NEUTRAL,DARK,93,93,3671192,3671192
1893,1893-1942,exclude_from_consideration_ㅡㅜ,exclude_from_consideration,ㅡ+ㅜ,NEUTRAL,NEUTRAL,35,35,5745652,5745652
1893,1893-1942,exclude_from_consideration_ㅡㅣ,exclude_from_consideration,ㅡ+ㅣ,BRIGHT,BRIGHT,415,0,20897148,0
1893,1893-1942,exclude_from_consideration_ㅡㅣ,exclude_from_consideration,ㅡ+ㅣ,BRIGHT,DARK,235,235,8998560,8998560
1893,1893-1942,exclude_from_consideration_ㅡㅣ,exclude_from_consideration,ㅡ+ㅣ,DARK,BRIGHT,171,171,4190194,4190194
1893,1893-1942,exclude_from_consideration_ㅡㅣ,exclude_from_consideration,ㅡ+ㅣ,DARK,DARK,148,0,7024902,0
1893,1893-1942,exclude_from_consideration_ㅡㅣㅜ,exclude_from_consideration,ㅡ+ㅣ+ㅜ,BRIGHT,BRIGHT,418,0,20923927,0
1893,1893-1942,exclude_from_consideration_ㅡㅣㅜ,exclude_from_consideration,ㅡ+ㅣ+ㅜ,BRIGHT,DARK,218,218,8774822,8774822
1893,1893-1942,exclude_from_consideration_ㅡㅣㅜ,exclude_from_consideration,ㅡ+ㅣ+ㅜ,DARK,BRIGHT,157,157,3957382,3957382
1893,1893-1942,exclude_from_consideration_ㅡㅣㅜ,exclude_from_consideration,ㅡ+ㅣ+ㅜ,DARK,DARK,108,0,5871421,0
1893,1893-1942,exclude_from_consideration_ㅣ,exclude_from_consideration,ㅣ,BRIGHT,BRIGHT,390,0,20556952,0
1893,1893-1942,exclude_from_consideration_ㅣ,exclude_from_consideration,ㅣ,BRIGHT,DARK,356,356,11651610,11651610
1893,1893-1942,exclude_from_consideration_ㅣ,exclude_from_consideration,ㅣ,DARK,BRIGHT,253,253,7763683,7763683
1893,1893-1942,exclude_from_consideration_ㅣ,exclude_from_consideration,ㅣ,DARK,DARK,313,0,12165453,0
1893,1893-1942,exclude_from_consideration_ㅣㅜ,exclude_from_consideration,ㅣ+ㅜ,BRIGHT,BRIGHT,392,0,20577370,0
1893,1893-1942,exclude_from_consideration_ㅣㅜ,exclude_from_consideration,ㅣ+ㅜ,BRIGHT,DARK,341,341,11446158,11446158
1893,1893-1942,exclude_from_consideration_ㅣㅜ,exclude_from_consideration,ㅣ+ㅜ,DARK,BRIGHT,240,240,7537232,7537232
1893,1893-1942,exclude_from_consideration_ㅣㅜ,exclude_from_consideration,ㅣ+ㅜ,DARK,DARK,266,0,10883225,0
1943,1943-1992,baseline_no_excluded_vowels,baseline,NONE,BRIGHT,BRIGHT,343,0,8096422,0
1943,1943-1992,baseline_no_excluded_vowels,baseline,NONE,BRIGHT,DARK,370,370,8846430,8846430
1943,1943-1992,baseline_no_excluded_vowels,baseline,NONE,BRIGHT,NEUTRAL,128,128,2888794,2888794
1943,1943-1992,baseline_no_excluded_vowels,baseline,NONE,DARK,BRIGHT,237,237,4630096,4630096
1943,1943-1992,baseline_no_excluded_vowels,baseline,NONE,DARK,DARK,337,0,8238824,0
1943,1943-1992,baseline_no_excluded_vowels,baseline,NONE,DARK,NEUTRAL,134,134,2933549,2933549
1943,1943-1992,baseline_no_excluded_vowels,baseline,NONE,NEUTRAL,BRIGHT,164,164,3936554,3936554
1943,1943-1992,baseline_no_excluded_vowels,baseline,NONE,NEUTRAL,DARK,155,155,3541089,3541089
1943,1943-1992,baseline_no_excluded_vowels,baseline,NONE,NEUTRAL,NEUTRAL,36,36,2126060,2126060
1943,1943-1992,discard_wordforms_containing_ㅜ,discard_wordforms_containing,ㅜ,BRIGHT,BRIGHT,333,0,7978880,0
1943,1943-1992,discard_wordforms_containing_ㅜ,discard_wordforms_containing,ㅜ,BRIGHT,DARK,335,335,8349778,8349778
1943,1943-1992,discard_wordforms_containing_ㅜ,discard_wordforms_containing,ㅜ,BRIGHT,NEUTRAL,125,125,2870240,2870240
1943,1943-1992,discard_wordforms_containing_ㅜ,discard_wordforms_containing,ㅜ,DARK,BRIGHT,212,212,4401458,4401458
1943,1943-1992,discard_wordforms_containing_ㅜ,discard_wordforms_containing,ㅜ,DARK,DARK,261,0,6843676,0
1943,1943-1992,discard_wordforms_containing_ㅜ,discard_wordforms_containing,ㅜ,DARK,NEUTRAL,110,110,2328655,2328655
1943,1943-1992,discard_wordforms_containing_ㅜ,discard_wordforms_containing,ㅜ,NEUTRAL,BRIGHT,152,152,3801736,3801736
1943,1943-1992,discard_wordforms_containing_ㅜ,discard_wordforms_containing,ㅜ,NEUTRAL,DARK,143,143,3091387,3091387
1943,1943-1992,discard_wordforms_containing_ㅜ,discard_wordforms_containing,ㅜ,NEUTRAL,NEUTRAL,36,36,2126060,2126060
1943,1943-1992,discard_wordforms_containing_ㅡ,discard_wordforms_containing,ㅡ,BRIGHT,BRIGHT,285,0,7195699,0
1943,1943-1992,discard_wordforms_containing_ㅡ,discard_wordforms_containing,ㅡ,BRIGHT,DARK,187,187,5900644,5900644
1943,1943-1992,discard_wordforms_containing_ㅡ,discard_wordforms_containing,ㅡ,BRIGHT,NEUTRAL,102,102,2610117,2610117
1943,1943-1992,discard_wordforms_containing_ㅡ,discard_wordforms_containing,ㅡ,DARK,BRIGHT,129,129,2370867,2370867
1943,1943-1992,discard_wordforms_containing_ㅡ,discard_wordforms_containing,ㅡ,DARK,DARK,131,0,3702458,0
1943,1943-1992,discard_wordforms_containing_ㅡ,discard_wordforms_containing,ㅡ,DARK,NEUTRAL,87,87,1800495,1800495
1943,1943-1992,discard_wordforms_containing_ㅡ,discard_wordforms_containing,ㅡ,NEUTRAL,BRIGHT,134,134,3503401,3503401
1943,1943-1992,discard_wordforms_containing_ㅡ,discard_wordforms_containing,ㅡ,NEUTRAL,DARK,83,83,2170501,2170501
1943,1943-1992,discard_wordforms_containing_ㅡ,discard_wordforms_containing,ㅡ,NEUTRAL,NEUTRAL,31,31,2073885,2073885
1943,1943-1992,discard_wordforms_containing_ㅡㅜ,discard_wordforms_containing,ㅡ+ㅜ,BRIGHT,BRIGHT,275,0,7078157,0
1943,1943-1992,discard_wordforms_containing_ㅡㅜ,discard_wordforms_containing,ㅡ+ㅜ,BRIGHT,DARK,160,160,5545420,5545420
1943,1943-1992,discard_wordforms_containing_ㅡㅜ,discard_wordforms_containing,ㅡ+ㅜ,BRIGHT,NEUTRAL,99,99,2591563,2591563
1943,1943-1992,discard_wordforms_containing_ㅡㅜ,discard_wordforms_containing,ㅡ+ㅜ,DARK,BRIGHT,108,108,2222092,2222092
1943,1943-1992,discard_wordforms_containing_ㅡㅜ,discard_wordforms_containing,ㅡ+ㅜ,DARK,DARK,78,0,2552440,0
1943,1943-1992,discard_wordforms_containing_ㅡㅜ,discard_wordforms_containing,ㅡ+ㅜ,DARK,NEUTRAL,69,69,1334729,1334729
1943,1943-1992,discard_wordforms_containing_ㅡㅜ,discard_wordforms_containing,ㅡ+ㅜ,NEUTRAL,BRIGHT,124,124,3392646,3392646
1943,1943-1992,discard_wordforms_containing_ㅡㅜ,discard_wordforms_containing,ㅡ+ㅜ,NEUTRAL,DARK,75,75,1835864,1835864
1943,1943-1992,discard_wordforms_containing_ㅡㅜ,discard_wordforms_containing,ㅡ+ㅜ,NEUTRAL,NEUTRAL,31,31,2073885,2073885
1943,1943-1992,discard_wordforms_containing_ㅡㅣ,discard_wordforms_containing,ㅡ+ㅣ,BRIGHT,BRIGHT,214,0,6402146,0
1943,1943-1992,discard_wordforms_containing_ㅡㅣ,discard_wordforms_containing,ㅡ+ㅣ,BRIGHT,DARK,134,134,4411079,4411079
1943,1943-1992,discard_wordforms_containing_ㅡㅣ,discard_wordforms_containing,ㅡ+ㅣ,DARK,BRIGHT,105,105,2066665,2066665
1943,1943-1992,discard_wordforms_containing_ㅡㅣ,discard_wordforms_containing,ㅡ+ㅣ,DARK,DARK,95,0,3286799,0
1943,1943-1992,discard_wordforms_containing_ㅡㅣㅜ,discard_wordforms_containing,ㅡ+ㅣ+ㅜ,BRIGHT,BRIGHT,209,0,6332733,0
1943,1943-1992,discard_wordforms_containing_ㅡㅣㅜ,discard_wordforms_containing,ㅡ+ㅣ+ㅜ,BRIGHT,DARK,113,113,4111204,4111204
1943,1943-1992,discard_wordforms_containing_ㅡㅣㅜ,discard_wordforms_containing,ㅡ+ㅣ+ㅜ,DARK,BRIGHT,87,87,1936444,1936444
1943,1943-1992,discard_wordforms_containing_ㅡㅣㅜ,discard_wordforms_containing,ㅡ+ㅣ+ㅜ,DARK,DARK,51,0,2240579,0
1943,1943-1992,discard_wordforms_containing_ㅣ,discard_wordforms_containing,ㅣ,BRIGHT,BRIGHT,258,0,6884682,0
1943,1943-1992,discard_wordforms_containing_ㅣ,discard_wordforms_containing,ㅣ,BRIGHT,DARK,289,289,7000845,7000845
1943,1943-1992,discard_wordforms_containing_ㅣ,discard_wordforms_containing,ㅣ,DARK,BRIGHT,196,196,3971732,3971732
1943,1943-1992,discard_wordforms_containing_ㅣ,discard_wordforms_containing,ㅣ,DARK,DARK,256,0,7341854,0
1943,1943-1992,discard_wordforms_containing_ㅣㅜ,discard_wordforms_containing,ㅣ+ㅜ,BRIGHT,BRIGHT,253,0,6815269,0
1943,1943-1992,discard_wordforms_containing_ㅣㅜ,discard_wordforms_containing,ㅣ+ㅜ,BRIGHT,DARK,263,263,6614507,6614507
1943,1943-1992,discard_wordforms_containing_ㅣㅜ,discard_wordforms_containing,ㅣ+ㅜ,DARK,BRIGHT,174,174,3761648,3761648
1943,1943-1992,discard_wordforms_containing_ㅣㅜ,discard_wordforms_containing,ㅣ+ㅜ,DARK,DARK,193,0,6087813,0
1943,1943-1992,exclude_from_consideration_ㅜ,exclude_from_consideration,ㅜ,BRIGHT,BRIGHT,345,0,8108163,0
1943,1943-1992,exclude_from_consideration_ㅜ,exclude_from_consideration,ㅜ,BRIGHT,DARK,350,350,8591925,8591925
1943,1943-1992,exclude_from_consideration_ㅜ,exclude_from_consideration,ㅜ,BRIGHT,NEUTRAL,133,133,2958589,2958589
1943,1943-1992,exclude_from_consideration_ㅜ,exclude_from_consideration,ㅜ,DARK,BRIGHT,221,221,4521014,4521014
1943,1943-1992,exclude_from_consideration_ㅜ,exclude_from_consideration,ㅜ,DARK,DARK,279,0,7083370,0
1943,1943-1992,exclude_from_consideration_ㅜ,exclude_from_consideration,ㅜ,DARK,NEUTRAL,116,116,2368113,2368113
1943,1943-1992,exclude_from_consideration_ㅜ,exclude_from_consideration,ㅜ,NEUTRAL,BRIGHT,164,164,3936554,3936554
1943,1943-1992,exclude_from_consideration_ㅜ,exclude_from_consideration,ㅜ,NEUTRAL,DARK,153,153,3324365,3324365
1943,1943-1992,exclude_from_consideration_ㅜ,exclude_from_consideration,ㅜ,NEUTRAL,NEUTRAL,37,37,2336807,2336807
1943,1943-1992,exclude_from_consideration_ㅡ,exclude_from_consideration,ㅡ,BRIGHT,BRIGHT,370,0,8446116,0
1943,1943-1992,exclude_from_consideration_ㅡ,exclude_from_consideration,ㅡ,BRIGHT,DARK,256,256,6897343,6897343
1943,1943-1992,exclude_from_consideration_ㅡ,exclude_from_consideration,ㅡ,BRIGHT,NEUTRAL,132,132,2920240,2920240
1943,1943-1992,exclude_from_consideration_ㅡ,exclude_from_consideration,ㅡ,DARK,BRIGHT,156,156,2799296,2799296
1943,1943-1992,exclude_from_consideration_ㅡ,exclude_from_consideration,ㅡ,DARK,DARK,163,0,4490813,0
1943,1943-1992,exclude_from_consideration_ㅡ,exclude_from_consideration,ㅡ,DARK,NEUTRAL,114,114,2179935,2179935
1943,1943-1992,exclude_from_consideration_ㅡ,exclude_from_consideration,ㅡ,NEUTRAL,BRIGHT,173,173,4211142,4211142
1943,1943-1992,exclude_from_consideration_ㅡ,exclude_from_consideration,ㅡ,NEUTRAL,DARK,104,104,2417388,2417388
1943,1943-1992,exclude_from_consideration_ㅡ,exclude_from_consideration,ㅡ,NEUTRAL,NEUTRAL,38,38,2138777,2138777
1943,1943-1992,exclude_from_consideration_ㅡㅜ,exclude_from_consideration,ㅡ+ㅜ,BRIGHT,BRIGHT,372,0,8457857,0
1943,1943-1992,exclude_from_consideration_ㅡㅜ,exclude_from_consideration,ㅡ+ㅜ,BRIGHT,DARK,236,236,6642838,6642838
1943,1943-1992,exclude_from_consideration_ㅡㅜ,exclude_from_consideration,ㅡ+ㅜ,BRIGHT,NEUTRAL,137,137,2990035,2990035
1943,1943-1992,exclude_from_consideration_ㅡㅜ,exclude_from_consideration,ㅡ+ㅜ,DARK,BRIGHT,139,139,2682282,2682282
1943,1943-1992,exclude_from_consideration_ㅡㅜ,exclude_from_consideration,ㅡ+ㅜ,DARK,DARK,112,0,3409415,0
1943,1943-1992,exclude_from_consideration_ㅡㅜ,exclude_from_consideration,ㅡ+ㅜ,DARK,NEUTRAL,95,95,1605339,1605339
1943,1943-1992,exclude_from_consideration_ㅡㅜ,exclude_from_consideration,ㅡ+ㅜ,NEUTRAL,BRIGHT,173,173,4211142,4211142
1943,1943-1992,exclude_from_consideration_ㅡㅜ,exclude_from_consideration,ㅡ+ㅜ,NEUTRAL,DARK,102,102,2200664,2200664
1943,1943-1992,exclude_from_consideration_ㅡㅜ,exclude_from_consideration,ㅡ+ㅜ,NEUTRAL,NEUTRAL,39,39,2349524,2349524
1943,1943-1992,exclude_from_consideration_ㅡㅣ,exclude_from_consideration,ㅡ+ㅣ,BRIGHT,BRIGHT,415,0,9923843,0
1943,1943-1992,exclude_from_consideration_ㅡㅣ,exclude_from_consideration,ㅡ+ㅣ,BRIGHT,DARK,273,273,7288429,7288429
1943,1943-1992,exclude_from_consideration_ㅡㅣ,exclude_from_consideration,ㅡ+ㅣ,DARK,BRIGHT,205,205,3472735,3472735
1943,1943-1992,exclude_from_consideration_ㅡㅣ,exclude_from_consideration,ㅡ+ㅣ,DARK,DARK,183,0,5142725,0
1943,1943-1992,exclude_from_consideration_ㅡㅣㅜ,exclude_from_consideration,ㅡ+ㅣ+ㅜ,BRIGHT,BRIGHT,420,0,9963647,0
1943,1943-1992,exclude_from_consideration_ㅡㅣㅜ,exclude_from_consideration,ㅡ+ㅣ+ㅜ,BRIGHT,DARK,253,253,7033924,7033924
1943,1943-1992,exclude_from_consideration_ㅡㅣㅜ,exclude_from_consideration,ㅡ+ㅣ+ㅜ,DARK,BRIGHT,179,179,3244444,3244444
1943,1943-1992,exclude_from_consideration_ㅡㅣㅜ,exclude_from_consideration,ㅡ+ㅣ+ㅜ,DARK,DARK,129,0,4010596,0
1943,1943-1992,exclude_from_consideration_ㅣ,exclude_from_consideration,ㅣ,BRIGHT,BRIGHT,385,0,9550567,0
1943,1943-1992,exclude_from_consideration_ㅣ,exclude_from_consideration,ㅣ,BRIGHT,DARK,399,399,9382896,9382896
1943,1943-1992,exclude_from_consideration_ㅣ,exclude_from_consideration,ㅣ,DARK,BRIGHT,291,291,5476305,5476305
1943,1943-1992,exclude_from_consideration_ㅣ,exclude_from_consideration,ㅣ,DARK,DARK,366,0,9090057,0
1943,1943-1992,exclude_from_consideration_ㅣㅜ,exclude_from_consideration,ㅣ+ㅜ,BRIGHT,BRIGHT,390,0,9590371,0
1943,1943-1992,exclude_from_consideration_ㅣㅜ,exclude_from_consideration,ㅣ+ㅜ,BRIGHT,DARK,380,380,9159293,9159293
1943,1943-1992,exclude_from_consideration_ㅣㅜ,exclude_from_consideration,ㅣ+ㅜ,DARK,BRIGHT,267,267,5265106,5265106
1943,1943-1992,exclude_from_consideration_ㅣㅜ,exclude_from_consideration,ㅣ+ㅜ,DARK,DARK,302,0,7775737,0
1993,1993-2042,baseline_no_excluded_vowels,baseline,NONE,BRIGHT,BRIGHT,170,0,199,0
1993,1993-2042,baseline_no_excluded_vowels,baseline,NONE,BRIGHT,DARK,182,182,214,214
1993,1993-2042,baseline_no_excluded_vowels,baseline,NONE,BRIGHT,NEUTRAL,66,66,86,86
1993,1993-2042,baseline_no_excluded_vowels,baseline,NONE,DARK,BRIGHT,137,137,157,157
1993,1993-2042,baseline_no_excluded_vowels,baseline,NONE,DARK,DARK,200,0,237,0
1993,1993-2042,baseline_no_excluded_vowels,baseline,NONE,DARK,NEUTRAL,76,76,99,99
1993,1993-2042,baseline_no_excluded_vowels,baseline,NONE,NEUTRAL,BRIGHT,72,72,93,93
1993,1993-2042,baseline_no_excluded_vowels,baseline,NONE,NEUTRAL,DARK,89,89,121,121
1993,1993-2042,baseline_no_excluded_vowels,baseline,NONE,NEUTRAL,NEUTRAL,21,21,26,26
1993,1993-2042,discard_wordforms_containing_ㅜ,discard_wordforms_containing,ㅜ,BRIGHT,BRIGHT,159,0,179,0
1993,1993-2042,discard_wordforms_containing_ㅜ,discard_wordforms_containing,ㅜ,BRIGHT,DARK,149,149,171,171
1993,1993-2042,discard_wordforms_containing_ㅜ,discard_wordforms_containing,ㅜ,BRIGHT,NEUTRAL,66,66,86,86
1993,1993-2042,discard_wordforms_containing_ㅜ,discard_wordforms_containing,ㅜ,DARK,BRIGHT,99,99,114,114
1993,1993-2042,discard_wordforms_containing_ㅜ,discard_wordforms_containing,ㅜ,DARK,DARK,131,0,158,0
1993,1993-2042,discard_wordforms_containing_ㅜ,discard_wordforms_containing,ㅜ,DARK,NEUTRAL,54,54,73,73
1993,1993-2042,discard_wordforms_containing_ㅜ,discard_wordforms_containing,ㅜ,NEUTRAL,BRIGHT,68,68,88,88
1993,1993-2042,discard_wordforms_containing_ㅜ,discard_wordforms_containing,ㅜ,NEUTRAL,DARK,62,62,79,79
1993,1993-2042,discard_wordforms_containing_ㅜ,discard_wordforms_containing,ㅜ,NEUTRAL,NEUTRAL,18,18,21,21
1993,1993-2042,discard_wordforms_containing_ㅡ,discard_wordforms_containing,ㅡ,BRIGHT,BRIGHT,134,0,162,0
1993,1993-2042,discard_wordforms_containing_ㅡ,discard_wordforms_containing,ㅡ,BRIGHT,DARK,81,81,105,105
1993,1993-2042,discard_wordforms_containing_ㅡ,discard_wordforms_containing,ㅡ,BRIGHT,NEUTRAL,54,54,74,74
1993,1993-2042,discard_wordforms_containing_ㅡ,discard_wordforms_containing,ㅡ,DARK,BRIGHT,68,68,81,81
1993,1993-2042,discard_wordforms_containing_ㅡ,discard_wordforms_containing,ㅡ,DARK,DARK,70,0,84,0
1993,1993-2042,discard_wordforms_containing_ㅡ,discard_wordforms_containing,ㅡ,DARK,NEUTRAL,43,43,63,63
1993,1993-2042,discard_wordforms_containing_ㅡ,discard_wordforms_containing,ㅡ,NEUTRAL,BRIGHT,58,58,77,77
1993,1993-2042,discard_wordforms_containing_ㅡ,discard_wordforms_containing,ㅡ,NEUTRAL,DARK,44,44,66,66
1993,1993-2042,discard_wordforms_containing_ㅡ,discard_wordforms_containing,ㅡ,NEUTRAL,NEUTRAL,15,15,20,20
1993,1993-2042,discard_wordforms_containing_ㅡㅜ,discard_wordforms_containing,ㅡ+ㅜ,BRIGHT,BRIGHT,125,0,144,0
1993,1993-2042,discard_wordforms_containing_ㅡㅜ,discard_wordforms_containing,ㅡ+ㅜ,BRIGHT,DARK,62,62,78,78
1993,1993-2042,discard_wordforms_containing_ㅡㅜ,discard_wordforms_containing,ㅡ+ㅜ,BRIGHT,NEUTRAL,54,54,74,74
1993,1993-2042,discard_wordforms_containing_ㅡㅜ,discard_wordforms_containing,ㅡ+ㅜ,DARK,BRIGHT,41,41,51,51
1993,1993-2042,discard_wordforms_containing_ㅡㅜ,discard_wordforms_containing,ㅡ+ㅜ,DARK,DARK,36,0,45,0
1993,1993-2042,discard_wordforms_containing_ㅡㅜ,discard_wordforms_containing,ㅡ+ㅜ,DARK,NEUTRAL,30,30,47,47
1993,1993-2042,discard_wordforms_containing_ㅡㅜ,discard_wordforms_containing,ㅡ+ㅜ,NEUTRAL,BRIGHT,55,55,73,73
1993,1993-2042,discard_wordforms_containing_ㅡㅜ,discard_wordforms_containing,ㅡ+ㅜ,NEUTRAL,DARK,30,30,40,40
1993,1993-2042,discard_wordforms_containing_ㅡㅜ,discard_wordforms_containing,ㅡ+ㅜ,NEUTRAL,NEUTRAL,13,13,16,16
1993,1993-2042,discard_wordforms_containing_ㅡㅣ,discard_wordforms_containing,ㅡ+ㅣ,BRIGHT,BRIGHT,103,0,131,0
1993,1993-2042,discard_wordforms_containing_ㅡㅣ,discard_wordforms_containing,ㅡ+ㅣ,BRIGHT,DARK,59,59,81,81
1993,1993-2042,discard_wordforms_containing_ㅡㅣ,discard_wordforms_containing,ㅡ+ㅣ,DARK,BRIGHT,55,55,66,66
1993,1993-2042,discard_wordforms_containing_ㅡㅣ,discard_wordforms_containing,ㅡ+ㅣ,DARK,DARK,55,0,64,0
1993,1993-2042,discard_wordforms_containing_ㅡㅣㅜ,discard_wordforms_containing,ㅡ+ㅣ+ㅜ,BRIGHT,BRIGHT,94,0,113,0
1993,1993-2042,discard_wordforms_containing_ㅡㅣㅜ,discard_wordforms_containing,ㅡ+ㅣ+ㅜ,BRIGHT,DARK,43,43,57,57
1993,1993-2042,discard_wordforms_containing_ㅡㅣㅜ,discard_wordforms_containing,ㅡ+ㅣ+ㅜ,DARK,BRIGHT,30,30,38,38
1993,1993-2042,discard_wordforms_containing_ㅡㅣㅜ,discard_wordforms_containing,ㅡ+ㅣ+ㅜ,DARK,DARK,27,0,34,0
1993,1993-2042,discard_wordforms_containing_ㅣ,discard_wordforms_containing,ㅣ,BRIGHT,BRIGHT,133,0,162,0
1993,1993-2042,discard_wordforms_containing_ㅣ,discard_wordforms_containing,ㅣ,BRIGHT,DARK,145,145,174,174
1993,1993-2042,discard_wordforms_containing_ㅣ,discard_wordforms_containing,ㅣ,DARK,BRIGHT,109,109,126,126
1993,1993-2042,discard_wordforms_containing_ㅣ,discard_wordforms_containing,ㅣ,DARK,DARK,163,0,193,0
1993,1993-2042,discard_wordforms_containing_ㅣㅜ,discard_wordforms_containing,ㅣ+ㅜ,BRIGHT,BRIGHT,122,0,142,0
1993,1993-2042,discard_wordforms_containing_ㅣㅜ,discard_wordforms_containing,ㅣ+ㅜ,BRIGHT,DARK,116,116,135,135
1993,1993-2042,discard_wordforms_containing_ㅣㅜ,discard_wordforms_containing,ㅣ+ㅜ,DARK,BRIGHT,74,74,87,87
1993,1993-2042,discard_wordforms_containing_ㅣㅜ,discard_wordforms_containing,ㅣ+ㅜ,DARK,DARK,108,0,132,0
1993,1993-2042,exclude_from_consideration_ㅜ,exclude_from_consideration,ㅜ,BRIGHT,BRIGHT,172,0,201,0
1993,1993-2042,exclude_from_consideration_ㅜ,exclude_from_consideration,ㅜ,BRIGHT,DARK,171,171,197,197
1993,1993-2042,exclude_from_consideration_ㅜ,exclude_from_consideration,ㅜ,BRIGHT,NEUTRAL,68,68,88,88
1993,1993-2042,exclude_from_consideration_ㅜ,exclude_from_consideration,ㅜ,DARK,BRIGHT,114,114,131,131
1993,1993-2042,exclude_from_consideration_ㅜ,exclude_from_consideration,ㅜ,DARK,DARK,150,0,179,0
1993,1993-2042,exclude_from_consideration_ㅜ,exclude_from_consideration,ㅜ,DARK,NEUTRAL,58,58,77,77
1993,1993-2042,exclude_from_consideration_ㅜ,exclude_from_consideration,ㅜ,NEUTRAL,BRIGHT,74,74,95,95
1993,1993-2042,exclude_from_consideration_ㅜ,exclude_from_consideration,ㅜ,NEUTRAL,DARK,78,78,100,100
1993,1993-2042,exclude_from_consideration_ㅜ,exclude_from_consideration,ㅜ,NEUTRAL,NEUTRAL,29,29,37,37
1993,1993-2042,exclude_from_consideration_ㅡ,exclude_from_consideration,ㅡ,BRIGHT,BRIGHT,180,0,210,0
1993,1993-2042,exclude_from_consideration_ㅡ,exclude_from_consideration,ㅡ,BRIGHT,DARK,117,117,142,142
1993,1993-2042,exclude_from_consideration_ㅡ,exclude_from_consideration,ㅡ,BRIGHT,NEUTRAL,71,71,91,91
1993,1993-2042,exclude_from_consideration_ㅡ,exclude_from_consideration,ㅡ,DARK,BRIGHT,110,110,128,128
1993,1993-2042,exclude_from_consideration_ㅡ,exclude_from_consideration,ㅡ,DARK,DARK,93,0,109,0
1993,1993-2042,exclude_from_consideration_ㅡ,exclude_from_consideration,ㅡ,DARK,NEUTRAL,61,61,82,82
1993,1993-2042,exclude_from_consideration_ㅡ,exclude_from_consideration,ㅡ,NEUTRAL,BRIGHT,74,74,95,95
1993,1993-2042,exclude_from_consideration_ㅡ,exclude_from_consideration,ㅡ,NEUTRAL,DARK,62,62,87,87
1993,1993-2042,exclude_from_consideration_ㅡ,exclude_from_consideration,ㅡ,NEUTRAL,NEUTRAL,25,25,30,30
1993,1993-2042,exclude_from_consideration_ㅡㅜ,exclude_from_consideration,ㅡ+ㅜ,BRIGHT,BRIGHT,182,0,212,0
1993,1993-2042,exclude_from_consideration_ㅡㅜ,exclude_from_consideration,ㅡ+ㅜ,BRIGHT,DARK,102,102,120,120
1993,1993-2042,exclude_from_consideration_ㅡㅜ,exclude_from_consideration,ㅡ+ㅜ,BRIGHT,NEUTRAL,73,73,93,93
1993,1993-2042,exclude_from_consideration_ㅡㅜ,exclude_from_consideration,ㅡ+ㅜ,DARK,BRIGHT,84,84,98,98
1993,1993-2042,exclude_from_consideration_ㅡㅜ,exclude_from_consideration,ㅡ+ㅜ,DARK,DARK,56,0,66,0
1993,1993-2042,exclude_from_consideration_ㅡㅜ,exclude_from_consideration,ㅡ+ㅜ,DARK,NEUTRAL,43,43,60,60
1993,1993-2042,exclude_from_consideration_ㅡㅜ,exclude_from_consideration,ㅡ+ㅜ,NEUTRAL,BRIGHT,77,77,99,99
1993,1993-2042,exclude_from_consideration_ㅡㅜ,exclude_from_consideration,ㅡ+ㅜ,NEUTRAL,DARK,48,48,62,62
1993,1993-2042,exclude_from_consideration_ㅡㅜ,exclude_from_consideration,ㅡ+ㅜ,NEUTRAL,NEUTRAL,33,33,41,41
1993,1993-2042,exclude_from_consideration_ㅡㅣ,exclude_from_consideration,ㅡ+ㅣ,BRIGHT,BRIGHT,202,0,239,0
1993,1993-2042,exclude_from_consideration_ㅡㅣ,exclude_from_consideration,ㅡ+ㅣ,BRIGHT,DARK,130,130,160,160
1993,1993-2042,exclude_from_consideration_ㅡㅣ,exclude_from_consideration,ㅡ+ㅣ,DARK,BRIGHT,131,131,156,156
1993,1993-2042,exclude_from_consideration_ㅡㅣ,exclude_from_consideration,ㅡ+ㅣ,DARK,DARK,104,0,121,0
1993,1993-2042,exclude_from_consideration_ㅡㅣㅜ,exclude_from_consideration,ㅡ+ㅣ+ㅜ,BRIGHT,BRIGHT,204,0,241,0
1993,1993-2042,exclude_from_consideration_ㅡㅣㅜ,exclude_from_consideration,ㅡ+ㅣ+ㅜ,BRIGHT,DARK,115,115,138,138
1993,1993-2042,exclude_from_consideration_ㅡㅣㅜ,exclude_from_consideration,ㅡ+ㅣ+ㅜ,DARK,BRIGHT,102,102,122,122
1993,1993-2042,exclude_from_consideration_ㅡㅣㅜ,exclude_from_consideration,ㅡ+ㅣ+ㅜ,DARK,DARK,64,0,75,0
1993,1993-2042,exclude_from_consideration_ㅣ,exclude_from_consideration,ㅣ,BRIGHT,BRIGHT,191,0,227,0
1993,1993-2042,exclude_from_consideration_ㅣ,exclude_from_consideration,ㅣ,BRIGHT,DARK,201,201,238,238
1993,1993-2042,exclude_from_consideration_ㅣ,exclude_from_consideration,ㅣ,DARK,BRIGHT,162,162,190,190
1993,1993-2042,exclude_from_consideration_ㅣ,exclude_from_consideration,ㅣ,DARK,DARK,222,0,261,0
1993,1993-2042,exclude_from_consideration_ㅣㅜ,exclude_from_consideration,ㅣ+ㅜ,BRIGHT,BRIGHT,193,0,229,0
1993,1993-2042,exclude_from_consideration_ㅣㅜ,exclude_from_consideration,ㅣ+ㅜ,BRIGHT,DARK,190,190,221,221
1993,1993-2042,exclude_from_consideration_ㅣㅜ,exclude_from_consideration,ㅣ+ㅜ,DARK,BRIGHT,136,136,160,160
1993,1993-2042,exclude_from_consideration_ㅣㅜ,exclude_from_consideration,ㅣ+ㅜ,DARK,DARK,164,0,194,0
